1. [enunciado] Definí liderazgo según Young y explicá por qué no es lo mismo que jefatura.	• <b>Young:</b> el liderazgo "representa un dominio fundado en una <b>personalidad poderosa</b>, en la <b>aceptación del grupo</b> o en <b>conocimientos pertinentes</b> en una <b>situación dada</b>".<br>• Por eso se relaciona específicamente con una determinada situación y <b>no es lo mismo que jefatura</b>:<br>&nbsp;&nbsp;&nbsp;&nbsp;1. La <b>jefatura es poder formal</b>.<br>&nbsp;&nbsp;&nbsp;&nbsp;2. El <b>liderazgo es "informal"</b> (no está oficialmente establecido) y está <b>restringido a un tiempo y lugar</b>.<br>• Eso no impide que a veces el liderazgo <b>coincida con la autoridad formal</b>.<br><i>Fuente: apuntes/md/05-liderazgo.md § Generalidades (p. 48).</i>
2. [método] ¿Cómo se genera o se produce el fenómeno del liderazgo? (mecanismo de Harris)	1. Una <b>situación dada crea un imperativo en el grupo</b>.<br>2. Un <b>individuo hace conscientes a los demás</b> de ese imperativo, y así aquéllos <b>sirven voluntariamente</b> al imperativo.<br>3. En la medida en que ese individuo sea capaz de <b>liberar capacidades colectivas y aptitudes emocionales dirigidas a ese fin, se convierte en líder</b>.<br><i>Fuente: apuntes/md/05-liderazgo.md § Generalidades — Cómo se genera el liderazgo (p. 48).</i>
3. [enunciado] ¿Por qué el liderazgo es una «función colectiva»? ¿Qué significa que el grupo «elija» al líder?	• El liderazgo <b>no reside fundamentalmente en el individuo</b> (por dominante o eficaz que sea) sino <b>en la situación real</b>.<br>• No excluye que el líder deba poseer <b>ciertas cualidades</b> (p. ej., determinado grado de inteligencia).<br>• <b>Ni el líder más poderoso puede extraer del grupo aquello que no se encuentre allí de antemano y que el grupo quiera ceder.</b><br>• Que el líder sea "elegido" por el grupo (aunque sea tácitamente) <b>no asegura que sea el más indicado para dirigirlo</b>: sólo significa que <b>representa en la conciencia de los demás los sentimientos y aspiraciones del grupo</b>.<br>• Recomendación para las empresas: promover a quienes demuestren <b>eficiencia funcional</b> y <b>aceptación por el grupo</b>, no a los que "se ponen al frente" por <b>afán de trepar</b> (bajo la apariencia de firmeza suele haber inseguridad emotiva e ineptitud).<br><i>Fuente: apuntes/md/05-liderazgo.md § Generalidades — El liderazgo es una función colectiva (p. 48).</i>
4. [método] Describí brevemente los tipos elementales de liderazgo más conocidos.	1. <b>Autócratas:</b> concentran el <b>poder y la responsabilidad</b>, impidiendo de hecho el <b>desarrollo de los demás</b>.<br>2. <b>Demócratas:</b> dan <b>participación</b>, <b>orientan</b>, <b>delegan</b> y tienden a obtener <b>soluciones colectivas</b>.<br>3. <b>Paternalistas:</b> bajo su apariencia "democrática" y benevolente, terminan <b>decidiendo siempre todo por sí mismos</b>.<br>• La división es <b>muy elemental y esquemática</b>: en la realidad hay numerosas variantes que combinan ambos caracteres básicos (el paternalista es el ejemplo).<br>• Los estilos se reflejan en los <b>sistemas de supervisión</b>. Evolución de las teorías: <b>rasgos → conductuales → contingentes → enfoques emergentes</b>.<br><i>Fuente: apuntes/md/05-liderazgo.md § Tipología del liderazgo (p. 48).</i>
5. [enunciado] ¿Qué plantea la teoría de los rasgos y por qué su búsqueda dio «callejones sin salida»?	• Busca <b>características específicas que distingan a quienes son líderes de quienes no lo son</b> (inteligencia, carisma, decisión, entusiasmo, integridad, confianza…). Dominó los <b>primeros esfuerzos de investigación</b> del liderazgo.<br>• Si el concepto fuera válido, debería haber rasgos presentes en <b>todos</b> los líderes; pero líderes reconocidos (Martin Luther King, Juana de Arco, Mandela, Thatcher, Gandhi…) tienen <b>rasgos completamente diferentes</b>.<br>• <b>Callejones sin salida:</b> no se pudo identificar una serie de rasgos que <b>siempre</b> distinguiera a líderes de seguidores, ni a líderes efectivos de los que no lo son. Era <b>demasiado optimista</b> pretender rasgos únicos válidos para <b>cualquier tipo de organización</b> (comercial, estatal, militar, religiosa, sin fines de lucro…).<br>• Sí tuvieron más éxito los intentos de identificar rasgos <b>consistentemente asociados</b> al liderazgo: los <b>seis rasgos</b> (carta siguiente).<br><i>Fuente: apuntes/md/05-liderazgo.md § Teoría de los rasgos (p. 49).</i>
6. [método] ¿Cuáles son los seis rasgos que distinguen a los líderes de quienes no lo son (Kirkpatrick y Locke)?	1. <b>Empuje:</b> alto nivel de esfuerzo; alto deseo de logro, ambiciosos, mucha energía, incansablemente persistentes, muestran iniciativa.<br>2. <b>Deseo de dirigir:</b> fuerte deseo de influir y dirigir a otros; disposición a asumir responsabilidades.<br>3. <b>Honestidad e integridad:</b> construyen relaciones de confianza con sus subalternos al ser sinceros y mostrar alta consistencia entre su palabra y los hechos.<br>4. <b>Confianza en sí mismos:</b> los subalternos los ven carentes de dudas; necesaria para convencer de lo correcto de las metas y decisiones.<br>5. <b>Inteligencia:</b> para reunir, resumir e interpretar grandes cantidades de información, generar iniciativas, resolver problemas y tomar las decisiones correctas.<br>6. <b>Conocimiento relativo al trabajo:</b> alto conocimiento sobre la compañía, la industria y cuestiones técnicas; permite decisiones bien informadas y comprender sus implicaciones.<br><i>Fuente: apuntes/md/05-liderazgo.md § Los 6 rasgos (p. 49–50).</i>
7. [enunciado] ¿Por qué no alcanza con la teoría de los rasgos para explicar el liderazgo?	1. Los <b>rasgos en sí mismos no son suficientes</b> para explicar el liderazgo.<br>2. Las explicaciones basadas exclusivamente en rasgos <b>dejan de lado las interacciones del líder con sus colaboradores</b> y los <b>factores situacionales</b>.<br>3. Poseer las características adecuadas <b>sólo facilita</b> ser un líder efectivo: <b>hay que tomar las acciones debidas</b>, y <b>lo correcto en una situación no necesariamente lo es en otra</b>.<br>• Cronología: el movimiento que se aparta de los rasgos empieza en la <b>década del '40</b>; de fines de los '40 a mediados de los '60 la investigación se concentra en los <b>estilos de comportamiento</b>.<br><i>Fuente: apuntes/md/05-liderazgo.md § Por qué los rasgos no alcanzan (p. 50).</i>
8. [enunciado] ¿Qué buscan las teorías conductuales del liderazgo y qué implicación práctica distinta tendrían frente a las de rasgos?	• La imposibilidad de "encontrar oro en la mina de los rasgos" llevó a buscar los <b>comportamientos</b> que exhiben los líderes: ¿hay algo único en lo que los líderes efectivos <b>hacen</b>?<br>• Implicaciones prácticas muy diferentes:<br>&nbsp;&nbsp;&nbsp;&nbsp;1. Si la investigación de <b>rasgos</b> hubiera tenido éxito → base para <b>seleccionar</b> a las personas "correctas" para el liderazgo formal.<br>&nbsp;&nbsp;&nbsp;&nbsp;2. Si los estudios del <b>comportamiento</b> encuentran determinantes decisivas → se podría <b>entrenar</b> a las personas para ser líderes.<br>• Uno de los primeros y más populares estudios: <b>Universidad de Iowa, Kurt Lewin</b> y colegas.<br><i>Fuente: apuntes/md/05-liderazgo.md § Teorías conductuales (p. 50).</i>
9. [método] ¿Cuáles son los tres estilos de liderazgo del estudio de Lewin (Iowa)?	1. <b>Autocrático:</b> tiende a <b>centralizar la autoridad</b>, <b>dicta métodos de trabajo</b>, toma <b>decisiones unilaterales</b> y <b>limita la participación</b> de los colaboradores.<br>2. <b>Democrático:</b> <b>involucra a los colaboradores en la toma de decisiones</b>, <b>delega la autoridad</b>, <b>alienta la participación</b> en la decisión de métodos y metas y <b>emplea la retroalimentación</b> como oportunidad para guiar.<br>3. <b>Laissez-faire:</b> otorga al grupo <b>libertad completa</b> para decidir y completar el trabajo como mejor le parezca; se limita a <b>proporcionar los materiales</b> o <b>contestar preguntas</b>.<br><i>Fuente: apuntes/md/05-liderazgo.md § El continuo autocrático-democrático (p. 50–51).</i>
10. [método] ¿Qué estilo resultó más efectivo en el experimento de Iowa y qué mostraron los estudios posteriores?	Experimento (adultos entrenados en cada estilo dirigiendo grupos de jóvenes de clubes infantiles):<br>1. El <b>laissez-faire fue inefectivo en todos los criterios</b> de desempeño frente al democrático y al autocrático.<br>2. La <b>cantidad de trabajo</b> fue la <b>misma</b> en grupos autocráticos y democráticos.<br>3. La <b>calidad del trabajo</b> y la <b>satisfacción del grupo</b> fueron <b>más altas en los democráticos</b>.<br>Estudios posteriores: resultados <b>variados</b>: el democrático a veces produjo <b>más desempeño</b> que el autocrático, pero otras veces <b>inferior o apenas igual</b>. Lo <b>más consistente</b>: la <b>satisfacción de los colaboradores</b> es normalmente <b>mayor bajo liderazgo democrático</b>. Quedan preguntas: ¿los gerentes siempre deben ser democráticos? ¿Qué pasa con los que no están acostumbrados a que sus colaboradores decidan?<br><i>Fuente: apuntes/md/05-liderazgo.md § El continuo autocrático-democrático (p. 51).</i>
11. [enunciado] Explicá el continuo autocrático-democrático de Tannenbaum y Schmidt (Ilustración 9) y las tres fuerzas que decide el gerente para ubicarse en él.	• Tannenbaum y Schmidt estudiaron ese dilema (básicamente respecto de la <b>toma de decisiones</b>) y desarrollaron un <b>continuo de comportamientos de líder</b>.<br>• <b>Ilustración 9:</b> un rectángulo cortado por una diagonal; el triángulo superior-izquierdo es el <b>"Empleo de la autoridad por el gerente"</b> y el inferior-derecho el <b>"Área de libertad para los colaboradores"</b>. A la izquierda, estilo <b>centrado en el jefe (autocrático)</b>; hacia la derecha se achica la autoridad y crece la libertad: estilo <b>centrado en los colaboradores (democrático)</b>. Cinco flechas marcan posiciones intermedias: no hay dos estilos, hay un <b>rango</b>.<br>• Para decidir qué comportamiento emplear, el gerente observa tres fuerzas:<br>&nbsp;&nbsp;&nbsp;&nbsp;1. Sus <b>fuerzas internas</b> (p. ej., la comodidad con la alternativa elegida).<br>&nbsp;&nbsp;&nbsp;&nbsp;2. Las <b>fuerzas internas del colaborador</b> (p. ej., la disposición a asumir responsabilidades).<br>&nbsp;&nbsp;&nbsp;&nbsp;3. Las <b>fuerzas internas de la situación</b> (p. ej., presiones de tiempo).<br>• Sugieren dirigirse <b>a la larga hacia estilos más centrados en los colaboradores</b> (influencia positiva sobre motivación, calidad de las decisiones, trabajo en equipo, clima y desarrollo).<br>• <b>Naturaleza dual</b> del comportamiento del líder: énfasis <b>en el trabajo</b> y <b>en las personas</b> (clave también en los estudios de Ohio y Michigan y en el Grid de Blake y Mouton).<br><i>Fuente: apuntes/md/05-liderazgo.md § El continuo autocrático-democrático (p. 50–52).</i>
12. [enunciado] ¿Por qué son importantes las teorías contingentes del liderazgo y cómo surgen?	1. Era evidente que <b>ni los rasgos personales del líder ni sus comportamientos permitían predecir su éxito</b>.<br>2. Los nuevos estudios se guiaron por la <b>Teoría de la Contingencia</b>, intentando <b>relacionar el estilo de liderazgo con variables "independientes" de la situación de trabajo</b>.<br>3. Consecuencia: la <b>efectividad del líder dependería de proceder adecuadamente a las condiciones reinantes</b>.<br>4. Los enfoques de mayor reconocimiento y aparente éxito: la <b>teoría situacional de Hersey y Blanchard</b> y la <b>teoría de la ruta-meta</b>.<br><i>Fuente: apuntes/md/05-liderazgo.md § Teorías contingentes (p. 52).</i>
13. [enunciado] Explicá la teoría situacional del liderazgo (Hersey y Blanchard): qué plantea y por qué hace énfasis en los subalternos.	• Es una <b>teoría de contingencia que hace énfasis en los subalternos</b>.<br>• El liderazgo de éxito se alcanza al <b>seleccionar el estilo de liderazgo adecuado</b>, que es <b>contingente a la conjunción de</b>:<br>&nbsp;&nbsp;&nbsp;&nbsp;1. la <b>capacidad para desempeñar las tareas específicas del puesto</b>, y<br>&nbsp;&nbsp;&nbsp;&nbsp;2. la <b>disposición de los colaboradores para cumplirlas</b>.<br>• <b>Por qué el énfasis en los subalternos:</b> son ellos quienes <b>aceptan o rechazan al líder</b>; <b>sin tomar en cuenta lo que el líder haga, la efectividad depende de las acciones de sus subalternos</b>. Esta dimensión fue sobrevaluada por algunas teorías y subestimada por otras.<br>• <b>Disposición</b> = la <b>capacidad y propensión de las personas para asumir la responsabilidad de dirigir su propio comportamiento</b>.<br>• No se ha sometido a evaluaciones extensas, pero se la incluye por su <b>amplia aceptación</b>.<br><i>Fuente: apuntes/md/05-liderazgo.md § La teoría situacional (Hersey y Blanchard) (p. 52–53).</i>
14. [método] ¿Cuáles son las dos dimensiones del comportamiento del líder en la teoría situacional?	1. Hacia el <b>eficaz cumplimiento de las tareas</b>: <b>capacitando y entrenando</b> (comportamiento rector, de dirección).<br>2. Hacia la <b>intensidad del apoyo</b> que brinde al colaborador a través de sus <b>relaciones interpersonales</b>: <b>estimulando y motivando</b> (comportamiento de relación).<br>• Varios autores plasmaron esta concepción en tablas y gráficos sobre la <b>madurez de los colaboradores</b> y los <b>comportamientos adecuados del líder</b>: los de <b>Hersey y Blanchard</b> se explican en la obra de <b>Robbins y Coulter</b>; la visión de <b>Blanchard, Zigarmi y Zigarmi</b> es muy similar.<br><i>Fuente: apuntes/md/05-liderazgo.md § La teoría situacional — Las dos dimensiones (p. 52–53).</i>
15. [método] ¿Cuáles son los cuatro estilos de la teoría situacional y a qué tipo de colaborador corresponde cada uno?	1. <b>DIRIGIR:</b> <b>estructurar, controlar y supervisar</b>. Para quienes <b>carecen de competencia pero tienen interés y entusiasmo</b>; necesitan <b>directivas y supervisión</b> para iniciarse en su cometido.<br>2. <b>INSTRUIR:</b> <b>orientar y ayudar</b>. Para quienes <b>poseen alguna competencia pero les falta interés</b>; necesitan dirección y supervisión (todavía son novatos) y también <b>apoyo y elogios</b> para forjar su autoestima, e <b>intervenir en las decisiones</b> para restaurar su interés.<br>3. <b>APOYAR:</b> <b>elogiar, escuchar y dar facilidades</b>. Para quienes <b>poseen competencia pero carecen de seguridad en sí mismos o de motivación</b>; ya saben qué hacer, conviene <b>ayudarles a reforzar su seguridad y su motivación</b>.<br>4. <b>DELEGAR:</b> <b>traspasar la responsabilidad de las decisiones cotidianas</b>. Para el personal que <b>tiene competencia e interés</b>; trabajan por cuenta propia, bajo <b>escasa supervisión</b> y sin pedir ayuda, y están dispuestos a hacerlo.<br><i>Fuente: apuntes/md/05-liderazgo.md § Los 4 estilos situacionales (p. 53).</i>
16. [método] Describí la Ilustración 10 de la teoría situacional: cómo se cruza la acción del líder con la situación del colaborador.	• <b>Acción del líder:</b> eje vertical <b>comportamiento de relación</b> (apoyo), eje horizontal <b>comportamiento rector</b> (dirección/tareas). Sobre el gráfico, una <b>curva en forma de campana</b> con cuatro puntos, de izquierda a derecha: <b>DELEGAR</b> (poca relación, poca dirección) · <b>APOYAR</b> (mucha relación, dirección baja-media) · <b>INSTRUIR</b> (mucha relación, dirección media-alta) · <b>DIRIGIR</b> (poca relación, mucha dirección).<br>• <b>Situación del colaborador</b> (misma columna, capacidad × disposición):<br>&nbsp;&nbsp;&nbsp;&nbsp;1. Delegar ← <b>capacitado + dispuesto</b>.<br>&nbsp;&nbsp;&nbsp;&nbsp;2. Apoyar ← <b>capacitado + no dispuesto</b>.<br>&nbsp;&nbsp;&nbsp;&nbsp;3. Instruir ← <b>no capacitado + no dispuesto</b>.<br>&nbsp;&nbsp;&nbsp;&nbsp;4. Dirigir ← <b>no capacitado + dispuesto</b>.<br>• Lectura: la <b>situación del colaborador determina la acción del líder</b>; a medida que el colaborador madura, el líder recorre la curva <b>dirigir → instruir → apoyar → delegar</b>.<br><i>Fuente: apuntes/md/05-liderazgo.md § Ilustración 10 — La teoría situacional (p. 53).</i>
17. [enunciado] ¿Por qué la teoría situacional se considera una teoría de contingencia? Identificá la variable independiente y la dependiente.	• Una teoría de liderazgo es contingente cuando el <b>estilo a adoptar (variable dependiente)</b> se hace depender de <b>variables independientes de la situación de trabajo</b>: <b>no hay un único mejor estilo</b>, sino el que corresponde a las condiciones reinantes (relación "si-entonces" de la teoría de la contingencia).<br>• El autor adhiere al <b>"enfoque de contingencias"</b>: <b>"No existe una única manera de mejor organizar..."</b>.<br>• En la teoría situacional:<br>&nbsp;&nbsp;&nbsp;&nbsp;1. <b>Variable contingente independiente:</b> el <b>grado de desarrollo (motivación y capacidad) del colaborador</b>.<br>&nbsp;&nbsp;&nbsp;&nbsp;2. <b>Variable dependiente:</b> el <b>comportamiento del superior</b>.<br>• El libro la define desde el arranque como "una <b>teoría de contingencia que hace énfasis en los subalternos</b>": el estilo es contingente a la conjunción de <b>capacidad + disposición</b> de los colaboradores.<br>• <b>Discrepancia del autor:</b> la curva con forma de <b>campana de Gauss</b> (Ilustración 10) puede sugerir que <b>la mayoría del personal está en un nivel mediano de desarrollo</b>, con minorías en baja madurez y en alto desarrollo, cosa que no tiene por qué ser así.<br><i>Fuente: apuntes/md/05-liderazgo.md § Teorías contingentes + Opinión del autor: por qué la situacional es contingente (p. 52 y 54).</i>
18. [enunciado] Explicá la teoría de la ruta-meta (House): qué es, cuál es su esencia y de dónde deriva el nombre.	• Es uno de los enfoques <b>más respetables</b> para comprender el liderazgo: un <b>modelo de contingencia del liderazgo</b> que utiliza, entre otros elementos, la <b>teoría motivacional de las expectativas</b>. Creador: <b>Robert House</b>.<br>• Es principalmente sobre el <b>comportamiento de un supervisor sobre una persona en base a una tarea</b>. <b>No abarca:</b> el liderazgo de toda la organización, los líderes emergentes o informales, el efecto de los líderes en distintos niveles ni su comportamiento frente a los cambios.<br>• <b>Esencia:</b> el rol del líder es <b>apoyar a sus subalternos para alcanzar sus metas</b> y <b>proporcionar la dirección necesaria y/o el apoyo</b> para asegurarse de que sus metas sean <b>compatibles con los objetivos generales del grupo o de la organización</b> (lo que el capítulo de cultura llama "implicación").<br>• <b>Origen del nombre:</b> los <b>líderes efectivos esclarecen el camino</b> para ayudar a sus subalternos a ir <b>desde donde se encuentran hasta la consecución de las metas</b> de su trabajo, y hacen <b>la jornada más fácil al reducir obstáculos y dificultades</b>.<br><i>Fuente: apuntes/md/05-liderazgo.md § Teoría de la ruta-meta (House) (p. 54).</i>
19. [método] Describí las variables contingentes independientes y dependientes del modelo ruta-meta.	• Como es una teoría de la contingencia, hay <b>uno o varios factores contingentes</b> en base a los cuales tenemos una <b>variable dependiente</b>.<br>• <b>Variable dependiente</b> (la que se adapta): el <b>tipo de liderazgo a implementar en cada situación</b> (director / apoyador / participativo / orientado a logros).<br>• <b>Variables contingentes (independientes)</b>, en dos grupos:<br>&nbsp;&nbsp;&nbsp;&nbsp;1. <b>Factores ambientales:</b> <b>estructura de las tareas</b> · <b>sistema de autoridad formal</b> · <b>grupo de trabajo</b>.<br>&nbsp;&nbsp;&nbsp;&nbsp;2. <b>Factores del colaborador:</b> <b>autocontrol</b> · <b>experiencia</b> · <b>habilidad</b>.<br>• <b>Ilustración 11:</b> caja "Líder" (con los cuatro comportamientos) → flecha horizontal → caja "Objetivos"; arriba la caja "Factores ambientales" y abajo "Factores del colaborador", ambas con flechas que <b>inciden sobre la flecha Líder → Objetivos</b>. Las dos cajas laterales son las variables independientes; el estilo que elige el líder, la dependiente.<br><i>Fuente: apuntes/md/05-liderazgo.md § Por qué la ruta-meta es contingente + Ilustración 11 (p. 54–55).</i>
20. [método] ¿Cuáles son los cuatro comportamientos de liderazgo de la teoría ruta-meta?	1. <b>Líder director:</b> permite que sus colaboradores <b>sepan qué se espera de ellos</b>, <b>programa el trabajo</b> a realizar y proporciona una <b>guía específica</b> de cómo cumplir las tareas.<br>2. <b>Líder apoyador:</b> es <b>amistoso</b> y muestra su <b>interés por las necesidades</b> de los colaboradores.<br>3. <b>Líder participativo:</b> <b>consulta</b> con sus colaboradores y <b>considera sus sugerencias</b> antes de tomar una decisión.<br>4. <b>Líder orientado a logros:</b> establece <b>metas desafiantes</b> y espera que los colaboradores se desempeñen a su <b>más alto nivel</b>.<br><i>Fuente: apuntes/md/05-liderazgo.md § Los 4 comportamientos de liderazgo (p. 54–55).</i>
21. [método] Según la ruta-meta, ¿cuándo el comportamiento del líder es aceptable y motivante, y cuándo resulta ineficaz?	• <b>Aceptable:</b> en la medida en que los colaboradores lo vean como <b>fuente inmediata de satisfacción</b> o como <b>medio para satisfacción futura</b>.<br>• <b>Motivante:</b> en la medida en que 1. hace que la <b>satisfacción-necesidad del colaborador sea contingente a un desempeño efectivo</b>, y 2. proporciona la <b>asesoría, guía, apoyo y recompensas</b> necesarias para ese desempeño.<br>• <b>Flexibilidad:</b> la teoría supone que los líderes son flexibles: <b>el mismo líder puede manifestar cualquiera de los cuatro estilos</b>, según la situación.<br>• <b>Ineficaz:</b><br>&nbsp;&nbsp;&nbsp;&nbsp;1. cuando resulta <b>redundante con las fuentes de estructura ambiental</b> (estructura de la tarea, sistema formal de autoridad, grupo de trabajo), o<br>&nbsp;&nbsp;&nbsp;&nbsp;2. cuando es <b>incongruente con las características del colaborador</b> (control de sí mismo, experiencia, habilidad percibida).<br><i>Fuente: apuntes/md/05-liderazgo.md § Cuándo el comportamiento del líder es aceptable y motivante + Flexibilidad del líder (p. 54–55).</i>
22. [enunciado] Explicá la teoría del liderazgo carismático: qué afirma, las tres características según House, sus efectos y sus límites.	• Afirma que los colaboradores <b>atribuyen capacidades de liderazgo heroicas o extraordinarias</b> cuando observan <b>ciertos comportamientos</b>.<br>• <b>Robert House</b> identificó tres características: 1. <b>confianza elevada extrema</b>; 2. <b>carácter dominante</b>; 3. <b>fuerte convicción en sus creencias</b>.<br>• <b>Efecto:</b> correlaciones impresionantes con <b>alto desempeño y satisfacción</b>; quienes trabajan para líderes carismáticos hacen un <b>esfuerzo adicional</b> y expresan <b>mayor satisfacción</b>.<br>• <b>Límites:</b> no siempre da ese resultado; sería más apropiado cuando la tarea tiene un <b>alto componente de adhesión ideológica</b> (organizaciones "normativas" de <b>Etzioni</b>): por eso surgen más en <b>política, religión o empresas en crisis</b>. <b>Desaparecida la crisis</b> puede convertirse en una <b>carga</b>: su confianza exagerada le <b>impide escuchar</b>, se siente <b>incómodo cuando lo desafían</b> y desarrolla una <b>creencia injustificada y empedernida</b> en su visión.<br><i>Fuente: apuntes/md/05-liderazgo.md § Enfoques emergentes — Teoría del liderazgo carismático (p. 55–56).</i>
23. [enunciado] Diferenciá al líder transaccional del transformacional. ¿Son enfoques opuestos?	• <b>Transaccional:</b> <b>guía o motiva a sus subalternos hacia las metas establecidas al esclarecer los requerimientos de roles y tareas</b> (la mayor parte de las teorías anteriores se refieren a ellos).<br>• <b>Transformacional:</b> <b>inspira a sus seguidores a trascender sus intereses personales por el bien de la organización</b> y tiene un efecto profundo y extraordinario (Wexner, Kelleher, Gates). 1. Presta atención a las <b>inquietudes y necesidades de desarrollo individuales</b>; 2. <b>cambia la percepción de los problemas</b> de sus subalternos; 3. es capaz de <b>emocionar, despertar e inspirar</b> para un esfuerzo adicional.<br>• <b>No son opuestos:</b> el transformacional <b>se levanta por encima</b> del transaccional y produce <b>niveles de esfuerzo y desempeño mayores</b> que un enfoque transaccional exclusivo.<br>• <b>Transformacional > carisma:</b> el puramente carismático quiere que adopten su visión y no vayan más allá; el transformacional infunde la <b>capacidad de cuestionar</b>, incluso los puntos de vista <b>del propio líder</b>.<br>• <b>Evidencia:</b> oficiales militares (EE. UU., Canadá, Alemania) evaluados como <b>más efectivos</b>; gerentes de <b>Federal Express</b> con alto desempeño y más promociones; correlación con <b>menor rotación, mayor productividad y más alta satisfacción</b>.<br><i>Fuente: apuntes/md/05-liderazgo.md § Liderazgo transaccional y transformacional (p. 56).</i>
24. [método] Según Sallenave, ¿de qué es responsable el gerente general? (qué hace)	1. <b>Definir la estrategia de la empresa:</b> determinar sus <b>objetivos</b> y los <b>medios</b> necesarios para lograrlos.<br>2. <b>Marcar las pautas para la obtención y el uso de los recursos</b> conforme a un plan, y <b>organizar las tareas</b> de los miembros de la empresa.<br>3. <b>Coordinar y controlar</b> las operaciones según un plan previsto.<br>4. <b>Revisar la estrategia y las estructuras</b> en respuesta a los <b>imprevistos</b>, que pueden ser <b>externos</b> (ej.: una crisis energética) o <b>internos</b> (ej.: una huelga).<br><i>Fuente: apuntes/md/03-gerente-general-sallenave.md § Qué hace el gerente general (responsabilidades) (p. 30).</i>
25. [método] Según Sallenave, ¿cuál es el campo de acción del gerente general?	Está formado por <b>cuatro elementos</b>:<br>1. <b>Personas:</b> a las cuales el gerente dirige.<br>2. <b>Estructuras de la empresa:</b> en las que el trabajo está <b>organizado, codificado y jerarquizado</b>; delimitan los <b>límites de responsabilidad y de autoridad</b>.<br>3. <b>Estrategia:</b> que el gerente <b>puede y debe modificar</b> si la <b>subsistencia y el crecimiento</b> de la empresa lo requieren.<br>4. <b>El medio ambiente externo.</b><br>• <b>Ilustración 4 ("El Gerente según Sallenave"):</b> una hélice de tres aspas (<b>Planeamiento y control</b>, <b>Organización</b>, <b>Liderazgo</b>) sobre anillos concéntricos <b>Personas → Estructura → Estrategias</b>, con una flecha que marca la frontera <b>Ambiente interno | Ambiente externo</b>.<br>• Resumen: el campo de acción es la <b>triple dimensión Personas, Estructuras y Estrategias</b>, <b>a la cual se le incluye el medio ambiente externo</b>. Como es responsable de su estrategia, el gerente debe ser <b>líder, organizador y estratega</b>.<br><i>Fuente: apuntes/md/03-gerente-general-sallenave.md § Campo de acción del gerente general (p. 30–31).</i>
26. [enunciado] Según Sallenave, ¿qué forman el medio ambiente interno y externo, y qué es la estrategia «en sentido amplio»?	• El gerente dirige <b>no solamente a las personas, sino a la organización de las personas</b>: la <b>estructura misma</b> de la empresa.<br>• <b>Personas + estructura = medio ambiente interno</b>, que tiene un <b>comportamiento propio</b> (organizacional) e <b>interactúa con el ambiente externo</b> en los dos sentidos:<br>&nbsp;&nbsp;&nbsp;&nbsp;1. de la estructura <b>surge una acción dirigida a modificar el ambiente externo</b> (ej.: una empresa que lanza una guerra de precios para eliminar a un competidor);<br>&nbsp;&nbsp;&nbsp;&nbsp;2. <b>cambios en el ambiente externo</b> determinan una <b>reacción de la empresa</b>.<br>• <b>Estrategia en sentido amplio</b> = el <b>conjunto de relaciones entre el medio ambiente interno y externo</b> de la empresa.<br>• El intercambio se da gracias a la <b>permeabilidad de los límites del sistema</b>: un sistema <b>no permeable (aislado) tiende a desaparecer</b> (Teoría General de Sistemas).<br>• Paralelo: <b>estrategia</b> (relaciones medio externo ↔ empresa) y <b>comportamiento</b> (medio externo ↔ individuo).<br><i>Fuente: apuntes/md/03-gerente-general-sallenave.md § Medio ambiente interno, externo y estrategia (p. 30–31).</i>
27. [método] ¿Cuáles son los tres papeles básicos del gerente general según Sallenave y cuáles las tres funciones de mando que esas cualidades le ayudan a cumplir?	Papeles (porque es responsable de su estrategia): 1. <b>Líder</b> · 2. <b>Organizador</b> · 3. <b>Estratega</b>.<br>Las tres <b>funciones fundamentales</b> del empresario según las <b>Funciones de Mando</b>:<br>1. <b>Preservar su empresa.</b><br>2. <b>Controlar las reacciones de la organización</b> cuando las previsiones no ocurren y los objetivos no se logran.<br>3. <b>Concebir el futuro y proponer los objetivos a alcanzar.</b><br>• Estas tareas requieren las <b>cualidades personales de un verdadero líder</b>.<br>• En el cap. V los tres papeles se nombran <b>estratega, planeador-organizador y líder-comunicador</b>.<br><i>Fuente: apuntes/md/03-gerente-general-sallenave.md § Los tres papeles y las tres funciones de mando (p. 31).</i>
28. [enunciado] Según Sallenave, ¿en qué consiste el papel de estratega del gerente general? (cualidades, dos grupos de estrategas, castillo de poder)	• Realiza <b>acciones encaminadas a modificar el medio</b>, o las <b>relaciones entre la empresa y su entorno</b>: <b>es un político, no un filósofo</b>. Esta característica es la que <b>incluye al medio ambiente externo</b> en el campo de acción.<br>• Pretende <b>ver las cosas tal como son y no como deberían ser</b>.<br>• Dos cualidades: 1. <b>Virtud:</b> fijarse <b>objetivos realistas y alcanzarlos con los medios más económicos</b>; 2. <b>Fortuna:</b> la suerte que le sonríe a los audaces. <b>No existe una fórmula</b> para transformar a un funcionario medio en estratega.<br>• <b>Dos grupos de estrategas:</b> 1. los que <b>no actúan a menos que sean presionados por las circunstancias</b> (arte de <b>sacar partido de una situación desfavorable</b>; la estrategia sería "salir de los apuros"); 2. los <b>"empresarios"</b>, que <b>buscan activamente oportunidades</b> (no problemas) y <b>asumen riesgos sistemáticamente</b>: los "emprendedores". (El compilado los llama <i>reactivo / proactivo</i>; el libro no usa esas etiquetas.)<br>• "No todo es nobleza": también es un <b>manipulador</b> que maneja tiempo y personas para <b>mantener y aumentar su poder</b> y obtener la cooperación de los públicos (empleados, clientes, proveedores, accionistas). Construye un <b>castillo de poder</b> mediante un <b>juego de favores</b>: <b>los favores son la moneda de cambio del poder organizacional</b>, un mal necesario que asegura la cooperación entre departamentos; hechos <b>en detrimento de la empresa</b> son <b>prevaricato</b>.<br><i>Fuente: apuntes/md/03-gerente-general-sallenave.md § El gerente general estratega (p. 31–32).</i>
29. [enunciado] Según Sallenave, ¿en qué consiste el trabajo del gerente en su rol de «organizador»?	• El <b>esquema organizacional</b> delimita el poder del gerente general; para él la estructura es <b>un dato en el presente, pero una variable en el futuro</b>.<br>• <b>Función:</b> <b>ajustar la estructura y la estrategia</b> de modo que exista <b>congruencia</b> entre las dos y que <b>se valoricen mutuamente</b>.<br>• <b>La estructura sigue a la estrategia</b>; las estructuras más complejas derivan de aplicar secuencialmente varias <b>estrategias de base</b>: 1. <b>expansión</b> · 2. <b>diversificación geográfica</b> · 3. <b>integración vertical</b> · 4. <b>diversificación de productos</b>. Cada una se relaciona con una <b>estructura diferente</b>, que permite <b>optimizar la asignación de recursos</b> para el mercado actual y el futuro.<br>• <b>Ilustración 5 (estrategia de base → estructura inducida):</b> expansión de volumen → organización <b>centralizada</b>; expansión geográfica → <b>funcional</b>; integración vertical → <b>divisional</b>; diversificación de productos → <b>multidivisional</b>.<br>• Nace así la <b>Teoría Contingente</b>: <b>no hay una estructura ideal</b>; en tiempos turbulentos <b>no todas las estructuras son igualmente válidas</b>, su <b>selección es contingente</b> y deben <b>modificarse conforme a los cambios estratégicos</b>.<br>• <b>Desafío del organizador:</b> <b>ajustar constantemente el esquema organizacional a las modificaciones de la estrategia</b> para asegurar un mejor desempeño. Es <b>responsable del desempeño global</b>, que depende de <b>la estrategia</b>, del <b>esquema organizacional</b> y de la <b>congruencia entre los dos</b>.<br><i>Fuente: apuntes/md/03-gerente-general-sallenave.md § El gerente general organizador + Ilustración 5 (p. 32–33).</i>
30. [enunciado] Según Sallenave, ¿qué implica el papel de líder (y comunicador) del gerente general y cuál es la «doble sensibilidad»?	• Aunque sea un <b>excelente técnico (estratega y organizador)</b>, <b>no podrá alcanzar el éxito sin la cooperación</b> de empleados, clientes, proveedores, accionistas, banqueros: <b>el corazón de la organización está formado por personas</b>. Requiere las cualidades de <b>comunicador</b> y de <b>líder</b>.<br>• <b>Como comunicador:</b> hacer comprender a sus públicos <b>cuál es la estrategia de la empresa y por qué requiere determinado esquema organizacional</b>.<br>• <b>Como líder:</b> <b>influir en el comportamiento de sus colaboradores</b> para lograr los objetivos de la organización en forma eficaz.<br>• <b>Doble sensibilidad</b> (de donde proviene el liderazgo organizacional):<br>&nbsp;&nbsp;&nbsp;&nbsp;1. <b>Sensibilidad a las personas:</b> el líder es un <b>jefe</b>, un <b>manipulador</b> que utiliza su <b>poder y su influencia</b>, <b>legitimados por su autoridad jerárquica</b>.<br>&nbsp;&nbsp;&nbsp;&nbsp;2. <b>Sensibilidad a los objetivos de la organización:</b> tiene una <b>visión clara de las metas</b>; sabe <b>subordinar los objetivos individuales a los organizacionales</b> y <b>acomodarse a las situaciones</b>, aunque sean comportamientos negativos.<br>• Son <b>las cualidades peor distribuidas entre los gerentes generales</b>.<br><i>Fuente: apuntes/md/03-gerente-general-sallenave.md § El gerente general líder + La doble sensibilidad (p. 33).</i>
31. [método] Según Sallenave, ¿existe un tipo de líder ideal? ¿Qué muestra la grilla de la Ilustración 6?	• El esquema de la doble sensibilidad da una <b>visión estática</b>. <b>No hay un tipo de líder ideal, sino una variedad de estilos</b>, cada uno adaptado a la <b>realidad y necesidad de la organización en determinada situación</b>.<br>• Cada líder tiene <b>los mismos genes que el autócrata, el burócrata y el demócrata</b>, pero además posee <b>adaptabilidad</b>; de eso carecen quienes <b>se encierran en un sistema de pensamiento</b>. "El líder es un hombre abierto que une el sentido de lo humano al sentido de sus responsabilidades".<br>• <b>Ilustración 6 (grilla 2×2):</b> eje horizontal <b>sensibilidad a las personas</b> (débil / aguda), eje vertical <b>sensibilidad a los objetivos</b> (débil / aguda):<br>&nbsp;&nbsp;&nbsp;&nbsp;1. Objetivos <b>aguda</b> + personas <b>débil</b> → <b>Autócrata</b>.<br>&nbsp;&nbsp;&nbsp;&nbsp;2. Objetivos <b>aguda</b> + personas <b>aguda</b> → <b>Líder</b>.<br>&nbsp;&nbsp;&nbsp;&nbsp;3. Objetivos <b>débil</b> + personas <b>débil</b> → <b>Burócrata o despreocupado</b>.<br>&nbsp;&nbsp;&nbsp;&nbsp;4. Objetivos <b>débil</b> + personas <b>aguda</b> → <b>Demócrata o demagogo</b>.<br>&nbsp;&nbsp;&nbsp;&nbsp;Una diagonal va de <b>Directivo</b> (arriba a la izquierda) a <b>Permisivo</b> (abajo a la derecha).<br><i>Fuente: apuntes/md/03-gerente-general-sallenave.md § No hay un líder ideal + Ilustración 6 (p. 33–34).</i>
32. [enunciado] ¿Qué es un rol y cómo llega Mintzberg a los papeles interpersonales, informativos y decisionales? ¿Por qué funciones y papeles no son lo mismo?	• <b>Rol:</b> "los patrones de conducta que se esperan de un individuo en una unidad social"; <b>lo que se espera que alguien haga para satisfacer los requerimientos de su puesto</b>.<br>• <b>Mintzberg</b> (encuesta amplia y rigurosa): "existe considerable semejanza en el comportamiento de los administradores en todos los niveles". Encadenamiento:<br>&nbsp;&nbsp;&nbsp;&nbsp;1. Todos poseen <b>autoridad formal</b> sobre sus unidades.<br>&nbsp;&nbsp;&nbsp;&nbsp;2. Esa autoridad les confiere un <b>"estatus"</b>.<br>&nbsp;&nbsp;&nbsp;&nbsp;3. El estatus hace que tengan <b>relaciones interpersonales</b> con colaboradores, colegas y superiores.<br>&nbsp;&nbsp;&nbsp;&nbsp;4. Esas personas les <b>suministran la información</b> que necesitan para la <b>toma de decisiones</b>.<br>&nbsp;&nbsp;&nbsp;&nbsp;5. Esos aspectos los impulsan a asumir papeles <b>interpersonales, informativos y decisionales</b>.<br>• Papeles = "<b>conjuntos orgánicos de comportamientos que se identifican con un puesto</b>".<br>• <b>Nota de la cátedra:</b> es impropio asimilar <b>funciones</b> con <b>papeles</b>: las funciones se <b>asignan formalmente a cada puesto</b>; los papeles (roles) están más sujetos a las <b>características personales</b> de quienes desempeñan los cargos.<br>• Mintzberg: hay una <b>leyenda</b> sobre lo que hacen los gerentes y una <b>realidad</b> más elástica, variada y dinámica, que <b>no desmiente los principios teóricos</b>.<br><i>Fuente: apuntes/md/04-roles-de-mintzberg-y-habilidades-del-gerente.md § Roles de los gerentes: qué es un rol y el enfoque de Mintzberg (p. 36).</i>
33. [método] ¿Cuáles son las tres esferas de actuación del gerente según Mintzberg y qué papeles tiene cada una?	El trabajo del gerente es la <b>suma de varios papeles o comportamientos</b>, en dos planos sucesivos e interconectados. Tres esferas, <b>10 papeles</b> (3 + 3 + 4):<br>1. <b>Interpersonal</b> (3 papeles): <b>Representante</b> (figura directiva) · <b>Líder</b> · <b>Enlace</b>.<br>2. <b>Informacional</b> (3 papeles; el gerente es el <b>foco central de información de la empresa</b>): <b>Monitor</b> · <b>Difusor</b> (diseminador) · <b>Portavoz</b> (vocero).<br>3. <b>Decisional</b> (4 papeles; la información es la fuente básica para decidir y quien decide en la unidad es el gerente): <b>Emprendedor</b> · <b>Árbitro</b> (manejador de conflictos) · <b>Administrador de recursos</b> · <b>Negociador</b>.<br><i>Fuente: apuntes/md/04-roles-de-mintzberg-y-habilidades-del-gerente.md § Las esferas de actuación del gerente según Mintzberg (p. 37).</i>
34. [método] Desarrollá los papeles de Mintzberg en la esfera de actuación interpersonal.	1. <b>Representante (figura directiva):</b> desempeña funciones como <b>cabeza de su unidad</b>, incluidos papeles <b>simbólicos o ceremoniales</b>; ante los miembros de la organización y ante los observadores externos <b>personifica los aciertos y fracasos</b> de aquélla.<br>2. <b>Líder:</b> inherente a su carácter de <b>responsable del trabajo de su gente</b> (algunas tareas implican liderazgo directo); <b>coordina, dirige y motiva</b> a sus colaboradores; debe <b>conciliar los objetivos personales de cada uno con los de la organización</b>. La <b>autoridad formal</b> le da una cantidad de poder; el <b>liderazgo legitimado</b> determina <b>cuánto de ese poder puede usar</b>.<br>3. <b>Enlace:</b> "deben aprender a trabajar dentro o fuera de la organización" con quienquiera que pueda ayudarles; establece <b>contactos fuera de su línea vertical de mando</b> (usa tanto tiempo con colaboradores como con colegas y personas ajenas); forma <b>redes de obligaciones recíprocas</b> y <b>coaliciones</b>, y se apoya en sus relaciones para <b>lograr cooperación</b>; en sentido formal, <b>conecta a la empresa o a su departamento con el entorno</b>.<br><i>Fuente: apuntes/md/04-roles-de-mintzberg-y-habilidades-del-gerente.md § Esfera interpersonal: representante, líder, enlace (p. 37–38).</i>
35. [método] Desarrollá los papeles de Mintzberg en la esfera de actuación informacional.	El gerente se constituye en el <b>foco central de información de la empresa</b>.<br>1. <b>Monitor:</b> <b>permanente búsqueda, examen y seguimiento de informaciones del ambiente externo</b>, mediante requerimientos a sus colaboradores o a otros enlaces; recibe gran cantidad de <b>información no solicitada</b>, sobre todo a través de <b>redes de contactos formales y extraoficiales que él mismo desarrolló</b>.<br>2. <b>Difusor (diseminador):</b> debe <b>compartir gran parte de esa información</b>; los informes que recaba de contactos externos pueden ser necesarios dentro de la organización; <b>distribuye y divulga la información relevante para sus colaboradores</b>, la que necesitan para <b>tomar decisiones acertadas</b> y desempeñar eficazmente sus funciones.<br>3. <b>Portavoz (vocero):</b> <b>transmite parte de su información a terceros, fuera de su unidad, particularmente a sus superiores</b> (todo gerente debe informar a las personas influyentes que controlan su unidad); igual que los <b>diplomáticos</b>, se guía por <b>lo que conviene a la empresa y a su área</b>.<br><i>Fuente: apuntes/md/04-roles-de-mintzberg-y-habilidades-del-gerente.md § Esfera informacional: monitor, difusor, portavoz (p. 38).</i>
36. [método] Desarrollá los papeles de Mintzberg en la esfera de actuación decisional.	La información <b>no es un fin en sí misma</b>: es la <b>fuente básica para tomar decisiones</b>, y quien decide en la unidad es el <b>gerente</b> (<b>sólo él tiene la información completa y al día</b> para el conjunto de decisiones que determina la estrategia del área). Cuatro papeles:<br>1. <b>Emprendedor:</b> es el <b>estratega</b> y <i>creador de negocios por excelencia</i>; debe <b>iniciar cambios</b> cuando su conocimiento de la organización y del ambiente lo indique; trata de <b>mejorar y adaptar</b> la unidad a las condiciones cambiantes; en <b>constante sondeo de nuevas ideas</b>: cuando aparece una buena <b>inicia un proyecto de desarrollo</b> (lo supervisa o lo delega) y va <b>chequeando el avance</b> de cada proyecto.<br>2. <b>Árbitro:</b> no existen organizaciones sin conflictos: debe <b>manejarlos y resolverlos</b> para <b>mantener la estabilidad interna</b>; debe <b>pensar analítica y conceptualmente</b> y <b>prever las implicaciones</b> de sus decisiones; <b>afrontar las perturbaciones</b> (una huelga, un enfrentamiento dentro de su unidad, un cliente importante que quiebra); si hace caso omiso, terminan en <b>crisis</b>.<br>3. <b>Administrador de recursos:</b> decide "qué se le dará a cada uno dentro de la unidad y cómo se dividirá el trabajo" (detalle en la carta siguiente).<br>4. <b>Negociador:</b> dedica gran parte de su tiempo a negociaciones internas y externas (detalle dos cartas más adelante).<br><i>Fuente: apuntes/md/04-roles-de-mintzberg-y-habilidades-del-gerente.md § Esfera decisional: emprendedor, árbitro, administrador de recursos, negociador (p. 38–39).</i>
37. [enunciado] Explicá en detalle el papel de administrador de recursos de Mintzberg.	1. La responsabilidad de decidir <b>"qué se le dará a cada uno dentro de la unidad y cómo se dividirá el trabajo"</b> está en manos del gerente.<br>2. Una de las cosas de más valor que asigna es <b>su propio tiempo</b>.<br>3. Al <b>reservarse este poder</b>, se asegura que las decisiones estén en <b>sincronismo con los recursos asignados</b>.<br>4. Como hay gran cantidad de objetivos y metas (<b>complementarios y contrapuestos</b> a la vez), los responsables bajo su mando <b>compiten por los recursos, tanto materiales como humanos</b>.<br>5. Los recursos son <b>siempre limitados</b>: como organizador de su unidad, debe asignarlos logrando un <b>balanceo de objetivos</b>.<br>• Agregado de la cátedra: <i>las definiciones de prioridades que comporta este rol son, casi siempre, la expresión concreta de la verdadera política de un gerente</i>.<br><i>Fuente: apuntes/md/04-roles-de-mintzberg-y-habilidades-del-gerente.md § Esfera decisional — Administrador de recursos (p. 39).</i>
38. [enunciado] Explicá en detalle el papel de negociador de Mintzberg.	1. Los estudios indican que los gerentes utilizan <b>gran cantidad de su tiempo en negociaciones</b>.<br>2. Para ellos son <b>una forma de vida</b>, porque cuentan con los <b>conocimientos y las facultades</b> necesarias y tienen la <b>autoridad para comprometer los recursos</b> de la organización o de su unidad.<br>3. Se da tanto en el <b>ámbito interno</b> (los gerentes departamentales con sus pares) como en el <b>externo</b> (con el sindicato, los competidores, los proveedores).<br>4. Eso determina <b>a qué nivel gerencial le corresponde negociar cada situación</b>: el presidente o gerente general encabeza las negociaciones para evitar una huelga; el capataz discute una queja con el jefe de taller (agregado de la cátedra).<br><i>Fuente: apuntes/md/04-roles-de-mintzberg-y-habilidades-del-gerente.md § Esfera decisional — Negociador (p. 39).</i>
39. [enunciado] ¿Los 10 papeles de Mintzberg pesan igual en todos los niveles? ¿Son separables? ¿Qué afinidades muestra la Ilustración 7?	• Son los papeles que se espera que cumpla un gerente; tienen <b>distinta relevancia según la jerarquía y las circunstancias</b>, y los desempeñan de una u otra forma <b>los gerentes de todo nivel</b>.<br>• <b>No son fácilmente separables:</b> interpersonal, informativo y decisional son <b>casi siempre inseparables</b>: <i>un gerente sin contactos de enlace carece de información; como resultado no puede diseminar información ni tomar decisiones</i>.<br>• Ejemplos de relevancia: el de <b>Representante</b> es más frecuente en <b>niveles altos</b>; el de <b>Enlace</b>, en el <b>nivel medio</b> (internamente) y <b>alto</b> (hacia afuera).<br>• <b>Afinidades (Ilustración 7):</b><br>&nbsp;&nbsp;&nbsp;&nbsp;1. El <b>representante</b> se suele aprovechar para ser <b>portavoz</b> y, de hecho, <b>negociador</b> con otras firmas.<br>&nbsp;&nbsp;&nbsp;&nbsp;2. El <b>líder</b> también es <b>difusor</b> para sus colaboradores.<br>&nbsp;&nbsp;&nbsp;&nbsp;3. En los procesos de <b>enlace</b> externos es de hecho un <b>portavoz</b>.<br>&nbsp;&nbsp;&nbsp;&nbsp;4. Entre las responsabilidades del <b>líder</b> está <b>arbitrar</b> los conflictos intra-grupales (influye en el desempeño y el clima).<br>&nbsp;&nbsp;&nbsp;&nbsp;5–6. El <b>emprendedor</b> busca <b>enlaces</b> con el entorno, lo que exige decisiones para aprovechar recursos (<b>monitor</b> y <b>administrador de recursos</b>).<br><i>Fuente: apuntes/md/04-roles-de-mintzberg-y-habilidades-del-gerente.md § Los 10 papeles: relevancia según la jerarquía e inseparabilidad + Ilustración 7 (p. 39–40).</i>
40. [método] ¿Cómo se corresponden los tres papeles de Sallenave con los diez de Mintzberg?	1. <b>Estratega</b> ↔ Emprendedor, Negociador, Portavoz, Enlace, Representante.<br>2. <b>Planeador-organizador</b> ↔ Administrador de recursos, Monitor, Árbitro.<br>3. <b>Líder y comunicador</b> ↔ Representante, Líder, Difusor, Portavoz, Árbitro.<br>• El libro expone cada enfoque por separado y después los relaciona para alcanzar una <b>concepción más totalizadora</b> de la labor gerencial.<br><i>Fuente: apuntes/md/04-roles-de-mintzberg-y-habilidades-del-gerente.md § Correspondencia Sallenave–Mintzberg (p. 39).</i>
41. [método] ¿Cuáles son las tres habilidades que se requieren de los gerentes? Describí cada una.	1. <b>Conceptuales:</b> tener <b>visión de la complejidad del todo</b>; la <b>capacidad de abstraer lo esencial</b> que subyace en un conjunto de situaciones particulares (p. ej., comprender las relaciones entre las unidades a su cargo, o descubrir hacia dónde tienden los mercados de su empresa).<br>2. <b>Técnicas:</b> el <b>conocimiento, procedimientos y recursos que se aplican en un campo de especialización</b> (ingeniería, cómputo, contabilidad, producción de bienes o servicios, etc.).<br>3. <b>Humanas:</b> la <b>capacidad de interactuar y trabajar bien con otras personas</b>, individual o en grupo; <b>motivar</b>; <b>resolver problemas interpersonales</b>.<br><i>Fuente: apuntes/md/04-roles-de-mintzberg-y-habilidades-del-gerente.md § Habilidades que se requieren de los gerentes (p. 41).</i>
42. [método] Relacioná las tres habilidades gerenciales con la escala ocupada dentro de la estructura organizacional.	• Los requerimientos <b>no son iguales en todos los niveles de la estructura</b>: las funciones y roles exigen <b>en mayor medida algunas habilidades y menos otras</b>, pero <b>ninguno está eximido</b> de contar con ellas.<br>• <b>Ilustración 8</b> (pirámide alto / medio / bajo vs. habilidades requeridas):<br>&nbsp;&nbsp;&nbsp;&nbsp;1. <b>Nivel alto:</b> predominan las <b>conceptuales</b>; menos técnicas.<br>&nbsp;&nbsp;&nbsp;&nbsp;2. <b>Nivel medio:</b> mezcla intermedia de conceptuales y técnicas.<br>&nbsp;&nbsp;&nbsp;&nbsp;3. <b>Nivel bajo:</b> predominan las <b>técnicas</b>; menos conceptuales.<br>&nbsp;&nbsp;&nbsp;&nbsp;4. <b>Humanas:</b> importancia <b>pareja en todos los niveles</b> (bloque del mismo ancho).<br>• <b>Caso de las humanas:</b> no sólo para la <b>conducción de colaboradores</b> sino para la <b>relación con pares</b>; su importancia <b>viene creciendo</b>: ya no sólo para quienes manejan personal numeroso (niveles inferiores) sino para aumentar la <b>motivación y satisfacción de los funcionarios más altos</b> (no bastan remuneraciones atractivas ni el sentido de responsabilidad). <b>Cualquier gerente, sin depender de su posición, debe poseer habilidades humanas.</b><br>• El cuadro expresa la <b>importancia relativa</b> de cada grupo, <b>sin absolutizarla</b>.<br><i>Fuente: apuntes/md/04-roles-de-mintzberg-y-habilidades-del-gerente.md § Habilidades y nivel de la estructura (Ilustración 8) (p. 41).</i>
43. [enunciado] ¿Qué es el macroambiente de una organización y qué sistemas lo forman?	• Cada organización existe en un <b>ambiente sumamente complejo</b> que influye sobre su composición y actividad: ese entorno total es el <b>macroambiente</b>.<br>• Está formado <b>como mínimo por tres sistemas principales: cultural, político y económico</b>; el libro agrega la <b>tecnología</b> y el <b>sistema social</b> (Ilustración 3: sistema cultural externo → sistema cultural interno → sistema organización, con doble flecha hacia los cinco sistemas).<br>• El integrante de una organización <b>sufre la influencia de esas fuerzas, reacciona frente a ellas y necesita comprender su naturaleza</b> para desempeñarse bien. El <b>dinamismo y la complejidad crecen a un ritmo sin precedentes</b>.<br>• De toda esa red, el capítulo analiza la <b>interdependencia entre cultura, sociedad y organización</b>.<br><i>Fuente: apuntes/md/02-cultura-de-la-organizacion.md § Generalidades — El macroambiente (p. 21).</i>
44. [enunciado] Dá la definición clásica de cultura y aclará su alcance.	• <b>Cultura:</b> "el conjunto complejo que comprende <b>conocimientos, creencias, arte, moral, ley, costumbres</b> y cualesquiera otras <b>capacidades y hábitos adquiridos por el hombre como miembro de la sociedad</b>".<br>• Es un concepto <b>antropológico</b>, referido únicamente al Hombre: <b>no abarca el reino animal</b> ni otros aspectos del medio natural.<br>• Denotación más extensa: <b>todo lo que la especie humana introdujo o creó en el medio ambiente</b>, incluida toda construcción material.<br>• En el plano del libro, cultura es "el <b>modo en que la sociedad vive</b>, incluyendo las relaciones entre <b>valores, roles y normas de comportamiento</b>", y el <b>conjunto de respuestas incorporadas por la sociedad frente a situaciones determinadas</b>, que permiten a sus integrantes vivir e interactuar.<br><i>Fuente: apuntes/md/02-cultura-de-la-organizacion.md § Generalidades — Definición clásica de cultura (p. 21).</i>
45. [enunciado] Definí cultura organizacional (incluida la definición de Robbins y Coulter) y explicá por qué es una subcultura.	• Cada organización <b>crea su propia cultura, que es una subcultura respecto de la que reina en su ambiente social</b>: <b>patrones de conducta propios de la organización, adquiridos y ajustados al contexto del patrón cultural de la sociedad</b>, más amplio y que lo comprende.<br>• Esos patrones representan lo que se considera <b>"bueno" para los fines</b> de la organización y, <b>tácitamente aceptados por sus miembros</b>, pasan a ser el <b>sistema de valores</b> al que se espera que ajusten sus normas individuales.<br>• <b>Robbins y Coulter:</b> "la cultura organizacional se refiere a un <b>sistema de significados compartidos</b> entre sus miembros y que <b>distingue a una organización de las otras</b>".<br>• Los patrones a veces se <b>establecen formalmente</b> y otras <b>rigen de manera implícita</b>.<br>• Base: cada persona es <b>portadora de valores y conductas modeladas en sus grupos de pertenencia</b> (familia, escuela, amistades, sector social); las organizaciones son <b>sistemas sociales</b> que hay que estudiar <b>siempre en relación con el sistema cultural, nunca como entes aislados</b>.<br><i>Fuente: apuntes/md/02-cultura-de-la-organizacion.md § La cultura de la organización como subcultura de la sociedad (p. 22).</i>
46. [método] ¿Qué características comunes tienen las culturas organizacionales y qué papel juega el estilo de la Alta Dirección?	Características comunes:<br>1. Se <b>instalan por imitación, interacción y aprendizaje</b>.<br>2. Son <b>dinámicas</b> y suelen experimentar <b>cambios que escapan al control de la Dirección</b>.<br>3. Se desarrollan en un marco de <b>interacciones recíprocas con el contexto</b>.<br>4. Pueden tener <b>perfil propio</b> o <b>tender a emular a otras culturas organizacionales exitosas</b>.<br>Estilo de la Alta Dirección: elemento de <b>importancia decisiva, aunque no el único</b>; los rasgos de personalidad de la Alta Dirección (frutos de sus propias subculturas) se <b>proyectan con peso considerable en los mandos intermedios</b>, pero suelen ser <b>atenuados o condicionados</b> por el <b>contexto económico-social</b>, el <b>tipo de tecnología</b> y los <b>valores y creencias del ambiente externo</b>.<br><i>Fuente: apuntes/md/02-cultura-de-la-organizacion.md § Características comunes + El estilo de la Alta Dirección (p. 22).</i>
47. [método] ¿Qué son los grupos primarios y cuáles son sus características?	• Grupos <b>no determinados por la estructura formal</b>, integrados por <b>pocas personas</b> entre las que hay <b>interacción</b> y un <b>cierto interés común</b> que los hace una <b>entidad reconocida</b> por ellos y/o por terceros. Forman parte de la <b>"organización informal"</b>. Su <b>relevancia en todo el proceso organizacional</b> (incluido el manejo y control) se acepta unánimemente.<br>1. <b>Base afectiva:</b> afinidades entre sus miembros, que <b>no necesariamente trabajan en el mismo espacio físico</b> (aunque suelen surgir en un mismo sector).<br>2. Son <b>pequeños</b>.<br>3. Su relación es <b>espontánea, voluntaria, durable</b>.<br>4. <b>Se constituye en un fin en sí misma:</b> la aparición de <b>objetivos del grupo es generalmente posterior a su formación</b>.<br>• <b>No siempre se reúnen todas estas condiciones.</b> Son los grupos que <b>interesan para analizar la organización en sus aspectos informales</b>.<br><i>Fuente: apuntes/md/02-cultura-de-la-organizacion.md § Interrelaciones individuo–grupo–empresa — Grupos primarios (p. 22–23).</i>
48. [método] ¿Qué son los grupos secundarios? Contrastalos con los primarios.	• Características en general <b>opuestas</b> a las de los primarios: son el <b>resultado de las relaciones formales establecidas en la estructura</b>: <b>los objetivos y tareas que se les asignan dan origen al grupo</b>.<br>• Normalmente de <b>mayor tamaño</b> (a veces muy numerosos), según el <b>grado de departamentalización</b> de la estructura.<br>• Corresponden a la <b>organización formal</b>, lo cual <b>no impide que dentro de ellos se formen y coexistan grupos primarios</b>, basados en relaciones más estrechas y personales.<br>Contraste rápido:<br>1. <b>Origen:</b> primario = organización informal (no determinado por la estructura); secundario = relaciones formales de la estructura.<br>2. <b>Tamaño:</b> pequeño vs. mayor.<br>3. <b>Relación:</b> espontánea, voluntaria, durable, afectiva y fin en sí misma vs. dada por los objetivos y tareas asignados.<br>4. <b>Objetivos:</b> aparecen después de formado el grupo vs. el objetivo/tarea da origen al grupo.<br><i>Fuente: apuntes/md/02-cultura-de-la-organizacion.md § Grupos secundarios + Contraste rápido (p. 23).</i>
49. [enunciado] ¿Qué función cumplen los grupos como vehículos de control social, y por qué la organización se define como un sistema social?	• Los grupos son <b>uno de los principales vehículos de control social</b>: mediante el grupo el individuo <b>adquiere metas, actitudes e ideales</b>; <b>coactiva o persuasivamente</b> imponen a sus miembros el cumplimiento de sus pautas.<br>• Como la vinculación de los primarios es <b>cara a cara</b>, la <b>tecnología</b> (que condiciona las relaciones del proceso) <b>determina en muchos casos su formación</b>.<br>• Los grupos informales cumplen una <b>función integradora</b> e <b>influyen y determinan en gran medida el comportamiento</b> de sus integrantes; pueden <b>conferir cohesión</b> o ser <b>vehículos de disociación</b>, según el <b>clima social imperante</b> y la coincidencia entre las medidas instrumentadas y los fines grupales. Son <b>vías de comunicación</b> e <b>instrumentos de integración</b>.<br>• Conclusión: <b>la organización puede definirse como un sistema social</b>: <b>complejo, dinámico y abierto</b>; por eso <b>puede renovarse estructuralmente cuando afronta una crisis</b>, aunque <b>conserva ciertos rasgos inherentes a su identidad</b>.<br><i>Fuente: apuntes/md/02-cultura-de-la-organizacion.md § Los grupos y el control social + Conclusión: la organización como sistema social (p. 23).</i>
50. [enunciado] Explicá y detallá la pertenencia.	• Contexto: la cultura comprende <b>hipótesis fundamentales</b> (conocimientos de partida para actuar, tomadas como verdades primarias); <b>el hecho de compartirlas es el criterio de pertenencia a la cultura</b>. Los sentimientos de los integrantes hacia la organización se manifiestan en <b>grados: pertenencia, implicación e identificación</b>.<br>• <b>Pertenencia:</b> una <b>percepción del sujeto</b>: el miembro tiene <b>clara noción de a qué organización "pertenece"</b>, sin que ello signifique necesariamente <b>adhesión, satisfacción o involucración</b>.<br>• Es una <b>relación unívoca</b>, que puede darse o no, y que puede o no generar después <b>crecientes grados de adhesión</b> que aseguren el aporte de su esfuerzo.<br>• Ejemplos: 1. la <b>"no pertenencia"</b> del chico de la Puna en <i>La deuda interna</i> ("cuando estuvimos en la Argentina"); 2. el <b>jugador de fútbol</b> hincha de un club que juega en otro: cuando sale a la cancha <b>pertenece (aunque sea transitoriamente) al que lo contrató</b>.<br>• Cuando alguien <b>reconoce realmente la pertenencia</b> a una organización, percibe a su vez que <b>la organización le pertenece</b>.<br><i>Fuente: apuntes/md/02-cultura-de-la-organizacion.md § Pertenencia, implicación, identificación — i) Pertenencia (p. 23–24).</i>
51. [enunciado] Explicá y detallá la implicación (involucración), incluida la definición de Porter.	• <b>Relación biunívoca / bidireccional:</b> el empleado <b>comparte los objetivos de la organización, los siente propios</b>, porque existe <b>coherencia entre ellos y las posibilidades de llevarlos a cabo</b> y porque percibe que <b>son útiles para ambos</b>. Se compromete porque <b>siente creíbles los objetivos</b>.<br>• Conducta <b>positiva</b>: asegura una <b>marcha paralela entre la organización y el empleado</b>, pero <b>sólo por un tramo de la vida</b>.<br>• <b>Porter:</b> 1. <b>convencimiento y aceptación de los objetivos y valores</b> de la organización; 2. <b>voluntad de actuar en la dirección de los objetivos y misiones</b> fijados; 3. <b>fuerte deseo de participar en la vida de la organización</b>.<br>• Su base es un <b>claro sistema de objetivos</b>: <b>si el objetivo no es creíble, la implicación será nula</b> (subir la calidad de 90 % a 95 % es aceptable; "en un mes" lo vuelve inalcanzable).<br>• Favorece la eficacia sin significar <b>adhesión incondicional ni adoración</b>. Requiere un <b>clima de confianza y comunicación</b>; las comunicaciones <b>nunca deben convertirse en manipulaciones</b> (manipular = influir explotando las habilidades del otro pero <b>enrareciéndole el objetivo</b>; el individuo lo nota enseguida).<br>• Sólo se llega con <b>comunidad de objetivos y medios y confianza mutua</b>: el individuo <b>acuerda primero y luego actúa convencido</b>; los objetivos ambiciosos son más creíbles con <b>mecanismos de consenso</b>, y la empresa convence si <b>la realidad se corresponde con los valores</b> que proclama.<br><i>Fuente: apuntes/md/02-cultura-de-la-organizacion.md § ii) Implicación (p. 24–25).</i>
52. [enunciado] Explicá y detallá la identificación. ¿Por qué Argyris la considera malsana?	• El individuo siente que <b>la suerte de la organización es su propia suerte</b>: lo bueno o malo que le pasa a aquélla es como si le pasara a él mismo.<br>• Ejemplos: el <b>hincha de fútbol</b> que dice "ganamos", "perdimos" sin intervenir en el juego; el <b>militante político o religioso</b> que confunde sus creencias con su propia vida.<br>• <b>Chris Argyris:</b> sería <b>malsano en el caso de las empresas</b>: para ser <b>eficaz en su trabajo el individuo necesita una buena vida de "no-trabajo"</b> ("ponerse la camiseta de la empresa cuando está en ella y sacársela cuando sale").<br>• Las empresas suelen <b>pedir la identificación</b> (portavoces y primeras víctimas: los <b>jefes</b>): es una mirada de <b>corto plazo</b>; la entrega absoluta es <b>insostenible en el largo plazo</b>: el agente se vuelve <b>pasivo, sometido, rutinario</b>, o <b>se va</b> para vivir con mayor plenitud.<br>• El libro coincide con Argyris: la identificación es malsana <b>para el empleado y, a la corta o a la larga, para la propia empresa</b>.<br><i>Fuente: apuntes/md/02-cultura-de-la-organizacion.md § iii) Identificación (p. 25).</i>
53. [método] ¿Qué niveles culturales enmarcan la cultura empresarial? ¿Qué son las subculturas y qué comparten?	Tres niveles:<br>1. La <b>cultura empresarial</b>: sólo concierne al grupo social dentro de los límites de la empresa.<br>2. Una <b>cultura exterior a la empresa, nacional o regional</b> (valores, percepciones comunes, maneras parecidas de enfocar la realidad).<br>3. Una <b>variedad de culturas internas (subculturas)</b>, que corresponden a los <b>grupos sociales de los que provienen sus miembros</b>, <b>no forzosamente coherentes entre sí</b>.<br>• La cultura de la empresa <b>resulta de la combinación de un conjunto de subculturas</b>.<br>• <b>Subculturas:</b> <b>expresiones de grupos humanos</b> que <b>se autorregulan</b> mediante <b>normas y reglas implícitas</b> y un <b>patrimonio de experiencias comunes</b>, lo que les da un <b>enfoque relativamente unificado de la realidad</b>. Comparten: 1. <b>Supuestos</b> (marcos de referencia: maneras de pensar y de hacer); 2. <b>Valores</b> (en qué creemos, qué principios importan más); 3. <b>Significados</b> (cómo interpretamos los hechos); 4. <b>Imagen corporativa</b> (cómo nos vemos y cómo creemos que nos ven).<br>• La cultura <b>no es sólo un conjunto de signos folklóricos</b>: es el resultado de un proceso de <b>creación, verificación y selección de normas y maneras de hacer</b>.<br><i>Fuente: apuntes/md/02-cultura-de-la-organizacion.md § Niveles culturales que enmarcan la cultura empresarial (subculturas) (p. 25–26).</i>
54. [enunciado] ¿Por qué surgen las subculturas y cómo se relacionan con la dirección de la empresa?	1. Su existencia <b>no es programada por la dirección</b> ni es consecuencia de un proyecto empresarial: en cualquier organización se desarrollan <b>procesos no conducidos ni controlados</b>, sin relación directa con las estrategias internas.<br>2. La <b>cultura de los dirigentes</b>, aunque importante, es <b>una entre todas las demás subculturas</b>: la cultura empresarial <b>no es necesariamente la de sus dirigentes</b> (aunque la de éstos tiene una influencia poderosa).<br>3. Agrupan a los individuos por <b>razones distintas</b> de las que habitualmente clasifican a los participantes: variables como la <b>formación</b>, la <b>actitud respecto del trabajo</b> o una <b>historia común</b>.<br>4. La base de la conformación de la cultura <b>no es la negación de las subculturas</b>, sino la <b>creación de otros lugares comunes de reconocimiento y de representación a nivel del conjunto</b>.<br><i>Fuente: apuntes/md/02-cultura-de-la-organizacion.md § Por qué surgen las subculturas y cómo se relacionan con la dirección (p. 25–26).</i>
55. [método] ¿Qué es una cultura fuerte y una débil? ¿Cuál conviene? ¿Cómo se relacionan con los paradigmas mecanicista y organicista?	• Criterio: el <b>grado de homogeneidad en el interior de la organización</b>.<br>1. <b>Fuerte:</b> las <b>normas, estándares y guías fijadas por los distintos niveles de Dirección</b> son <b>bastante uniformes, conocidas y compartidas por todos</b> (o por una gran mayoría), fomentando una <b>orientación común de comportamiento</b>.<br>2. <b>Débil:</b> las <b>normas de subgrupos, o aun individuales, sobrepasan la influencia de las normas emanadas de la Dirección</b>: <b>predominan las subculturas grupales</b>.<br>• <b>Sin carga valorativa: débil no significa siempre malo.</b> A veces es deseable <b>facilitar y/o estimular la influencia de las subculturas</b> (permite <b>diversidad de pensamientos y acciones</b>); pero en culturas débiles <b>no es fácil lograr comportamientos consistentes</b> en toda la organización.<br>• Se aplica el <b>"enfoque de Contingencias"</b>: las <b>variables tecnológicas y sociales del ambiente interno</b> determinan, según el caso, la conveniencia de una cultura fuerte o débil.<br>• <b>Relación con los paradigmas:</b> el cap. III <b>no la desarrolla</b> (los paradigmas están en el cap. II) y la respuesta del compilado tampoco. La relación que propone estrategia.md §3.1 para armarla en el examen: <b>fuerte</b> = normas uniformes emanadas de la Dirección ≈ <b>mecanicismo</b>; <b>débil</b> = predominio de subculturas y diversidad ≈ <b>organicismo</b>; y la elección entre ambas es <b>contingente</b> (no hay una única mejor). <i>(Relación armada, no textual del libro.)</i><br><i>Fuente: apuntes/md/02-cultura-de-la-organizacion.md § Culturas «fuertes» y culturas «débiles» (p. 26).</i>
56. [método] ¿Qué son los sistemas culturales y cuáles son los cinco elementos del sistema cultural formal?	• La cultura organizacional (o <b>corporativa</b>) tiene <b>componentes</b> (básicamente <b>valores y creencias</b>) que caracterizan la <b>personalidad e identidad</b> de la empresa, proporcionan <b>patrones de evaluación</b> e <b>influyen decisivamente en cómo funciona</b> (repercuten en el comportamiento de sus integrantes). Se manifiestan a través de <b>dos sistemas culturales: formales e informales</b>.<br>• <b>Formales:</b> las <b>normas formales</b> y las <b>políticas trazadas por sus autoridades</b> son expresión de la <b>cultura oficial</b>. Cinco elementos crean y sostienen la cultura:<br>1. <b>Estructura organizacional:</b> típicamente <b>burocrática</b> (estricta división de tareas, estandarización, competencia y especialización); las grandes la requieren para sobrevivir, pero tiene disfunciones: la gente <b>obedece a la autoridad sin importar qué ordene</b>, los jefes <b>evaden culpas</b>, el trabajo y los roles se <b>fragmentan</b> (nadie se responsabiliza del producto final). Los nuevos diseños <b>extienden la responsabilidad hacia abajo</b> (Barcos, "Gerencia Múltiple": libertad de actuar dentro de principios unificadores).<br>2. <b>Líderes:</b> los líderes formales son un <b>componente crítico</b>: pueden <b>crear, mantener o cambiar la cultura</b>; los <b>fundadores</b> dan la orientación inicial; <b>personifican los valores</b> (rol modelo) y guían decisiones a todo nivel.<br>3. <b>Códigos y políticas:</b> valores, misiones y credos (abstractos) y <b>códigos formales</b>; un código puede <b>prescribir el comportamiento</b>, pero si no se sigue produce una organización <b>"fuera de línea"</b> (dice algo y hace otra cosa): deben ser <b>consistentes con el sistema cultural</b>.<br>4. <b>Sistemas de recompensa:</b> las bases de remuneraciones e incentivos son un <b>mensaje sobre qué valores se premian</b>; como <b>la gente hace lo que tiene recompensa</b>, los objetivos deben ser <b>coherentes con las políticas proclamadas</b> y no cumplirse con comportamientos indeseables (premiar el objetivo sin mirar los medios impulsa conductas reñidas con la ética).<br>5. <b>Programas de orientación y entrenamiento:</b> comunican <b>valores y guías</b> para desenvolverse en la organización; deben ser <b>consistentes con la cultura</b>, si no fracasan o no se toman en serio.<br><i>Fuente: apuntes/md/02-cultura-de-la-organizacion.md § Sistemas culturales + Sistemas culturales formales (p. 26–28).</i>
57. [método] ¿Cuáles son los cinco elementos del sistema cultural informal?	• Suelen ser <b>elementos inmateriales, producto de la creación espontánea de los miembros</b>; pueden <b>incorporarse a las normas</b> de la organización y adquirir carácter formal.<br>1. <b>Mística e historias:</b> la gente <b>inventa historias y construye místicas para darle sentido a su mundo</b>; son <b>anécdotas de sucesos importantes</b> que a veces se magnifican en <b>mitos legendarios</b>; protagonistas: los <b>fundadores</b> o empleados <b>"héroes"</b>; la <b>moraleja expresa valores</b> de la organización.<br>2. <b>Ritos:</b> <b>gestos y ceremonias instituidos por la costumbre</b>; informales (saludos de rutina, festejos) o formalizados (la presentación e iniciación del nuevo empleado, <b>"inducción"</b>); dicen <b>simbólicamente qué se debe hacer y qué se espera</b>: afirman y comunican la cultura de manera tangible.<br>3. <b>Tabúes:</b> lo que se considera <b>prohibido o, al menos, inconveniente</b>; proceden del medio cultural social, pero cada organización crea los suyos (ej.: el <b>tuteo</b> en ciertos niveles).<br>4. <b>Símbolos de estatus:</b> formalizados (<b>tamaño del escritorio o del despacho</b> según jerarquía, <b>derecho a estacionar</b>) o basados en la costumbre (dónde se almuerza).<br>5. <b>Jerga:</b> el <b>lenguaje peculiar de la actividad</b>, términos acuñados espontáneamente dentro de la organización o de un sector; sirve para <b>comunicar valores</b>, es <b>eficiente y directo</b>, es <b>muestra patente de pertenencia</b> y fomenta la <b>solidaridad</b> del grupo.<br><i>Fuente: apuntes/md/02-cultura-de-la-organizacion.md § Sistemas culturales informales (p. 28).</i>
58. [método] ¿Por qué es importante conocer la cultura de una organización?	Para el profesional que participa o interviene en una organización, el estudio de su cultura es útil porque:<br>1. <b>Fomenta la comprensión:</b> muchas conductas <b>adquieren sentido al revelarse los condicionamientos culturales que las impulsan</b>.<br>2. <b>Permite predecir el comportamiento:</b> los <b>valores, las creencias y las normas</b> determinan <b>la forma en que las personas actuarán frente a una situación dada</b>.<br>3. <b>Sustituye a la experiencia:</b> el conocimiento de los factores culturales permite <b>asimilar más rápidamente su sistema de valores</b>.<br>4. <b>Facilita el cambio:</b> la comprensión de la dinámica cultural permite la <b>flexibilidad y adaptación de la Dirección a las nuevas circunstancias</b>.<br>• Además (p. 26): la cultura <b>influye decisivamente en la forma en que funciona la empresa</b>, porque <b>repercute en el comportamiento de sus integrantes</b>.<br><i>Fuente: apuntes/md/02-cultura-de-la-organizacion.md § Utilidad del estudio de la cultura de la organización (p. 29).</i>
59. [enunciado] Diferenciá estímulo de motivo y definí motivación.	1. <b>Estímulo:</b> un <b>hecho objetivo de la realidad que circunda al hombre</b> (necesidades materiales propias o de la familia, pago, exigencias sociales): un <b>impulso exterior</b>.<br>2. <b>Motivo:</b> por lo contrario, un <b>impulso interior</b>, <b>reflejo de su conciencia</b>, con mayor o menor fuerza.<br>• <b>Motivación:</b> un <b>proceso dinámico que se manifiesta en la conducta del individuo por la intención y acción hacia la satisfacción de necesidades</b>.<br>• Contexto: motivar y recompensar es una de las actividades <b>más importantes y desafiantes</b> del gerente; lo que motiva a los gerentes puede tener <b>poco o ningún efecto</b> en sus colaboradores: hay que <b>ajustar las prácticas motivacionales</b> a sus necesidades. Sallenave: el gerente, como <b>líder</b> y <b>organizador</b>, debe <b>estimular y motivar</b> al personal <b>compatibilizando los intereses individuales con los organizacionales</b>.<br><i>Fuente: apuntes/md/06-motivacion-maslow-y-herzberg.md § Estímulo vs. motivo (p. 57).</i>
60. [enunciado] ¿Cómo se convierte un estímulo en motivación? ¿Es un vínculo directo?	1. El estímulo es siempre un <b>determinado cambio en las circunstancias o condiciones externas</b>; <b>la reacción a ese cambio es la motivación</b>.<br>2. El vínculo <b>no es sencillo ni directo</b>: se realiza a través del <b>tamiz de su personalidad, experiencias y concepción del mundo</b>.<br>3. Los estímulos (<b>materiales o ideales</b>), <b>percibidos como algo atrayente</b>, se transforman en la conciencia en <b>impulsos para la acción</b>, es decir, en <b>motivos</b> que llevan a la actividad laboral.<br>4. Consecuencia: para caracterizar la actitud del hombre hacia una actividad laboral es esencial establecer <b>a qué género de estímulos es más sensible</b>, cuáles se convierten para él en motivos.<br><i>Fuente: apuntes/md/06-motivacion-maslow-y-herzberg.md § Cómo se vincula el estímulo con la motivación (p. 57).</i>
61. [método] Describí el ciclo motivacional (Ilustración 12).	<b>Equilibrio interno → Estímulo o incentivo → Necesidad → Tensión → Comportamiento o acción → Satisfacción</b> → vuelve al equilibrio interno.<br>1. Se parte de un <b>equilibrio interno</b>.<br>2. Un <b>estímulo o incentivo</b> despierta una <b>necesidad</b>.<br>3. La necesidad genera <b>tensión</b>.<br>4. La tensión dispara un <b>comportamiento o acción</b>.<br>5. La acción lleva a la <b>satisfacción</b>, y el individuo vuelve al equilibrio.<br>• Es un <b>proceso reiterativo</b>: cada satisfacción cierra un ciclo y deja al individuo listo para el siguiente estímulo.<br><i>Fuente: apuntes/md/06-motivacion-maslow-y-herzberg.md § El ciclo motivacional (Ilustración 12) (p. 57).</i>
62. [enunciado] ¿Qué formuló Maslow y cuál es la idea central de su jerarquía de necesidades?	• En <b>1943 Abraham Maslow</b> formuló su concepto de <b>jerarquía de necesidades que influyen en el comportamiento humano</b> (título del libro: "Jerarquía de las necesidades y escala motivacional").<br>• La concibió porque <b>el hombre es una criatura que demuestra sus necesidades en el transcurso de la vida</b>.<br>• <b>Idea central:</b> <b>en la medida en que el hombre satisface sus necesidades básicas, otras más elevadas toman el predominio del comportamiento</b>.<br>• En sociedades con <b>alto nivel de vida</b>, la mayoría de las personas tiene los <b>tres primeros niveles</b> (fisiológicas, seguridad y sociales) <b>regularmente satisfechos, sin mucho esfuerzo y sin mucho efecto motivacional</b>.<br><i>Fuente: apuntes/md/06-motivacion-maslow-y-herzberg.md § Teorías de la motivación: la jerarquía de necesidades de Maslow (p. 58).</i>
63. [método] Enumerá los cinco niveles de la pirámide de Maslow con ejemplos, y decí cuáles son necesidades primarias y cuáles secundarias.	De la base a la cima (Ilustración 13):<br>1. <b>Fisiológicas:</b> aire, comida, reposo, abrigo, etc.<br>2. <b>Seguridad:</b> protección contra el peligro o privación.<br>3. <b>Sociales:</b> amistad, ingreso a grupos, etc.<br>4. <b>Estimación:</b> reputación, reconocimiento, autorrespeto, amor, etc.<br>5. <b>Auto-realización:</b> realización del potencial, utilización plena del talento individual, etc.<br>• <b>Primarias:</b> fisiológicas + seguridad; enfocadas hacia la <b>conservación personal</b>.<br>• <b>Secundarias:</b> sociales + estimación + auto-realización.<br><i>Fuente: apuntes/md/06-motivacion-maslow-y-herzberg.md § Los cinco niveles y la pirámide (Ilustración 13) (p. 58).</i>
64. [método] ¿Qué pasa con cada nivel de Maslow cuando es satisfecho? Explicá el recorrido nivel por nivel.	• <b>Regla general:</b> <b>una necesidad satisfecha no es motivadora de comportamiento</b>, porque "<b>produce saciedad</b>"; <b>apenas las necesidades no satisfechas</b> influyen sobre el comportamiento, dirigiéndolo hacia objetivos individuales.<br>1. <b>Fisiológicas:</b> el individuo <b>nace</b> con ellas (<b>innatas o hereditarias</b>); al inicio el comportamiento se enfoca <b>exclusivamente</b> en hambre, sed, ciclo sueño-actividad, sexo.<br>2. <b>Satisfechas las fisiológicas → surgen las de seguridad</b> (protección contra el peligro, las amenazas y la privación); el individuo ingresa en una <b>larga trayectoria de aprendizaje de nuevos patrones de necesidades</b>. Fisiológicas + seguridad = <b>primarias</b> (conservación personal).<br>3. <b>Controladas fisiológicas y seguridad → surgen lenta y gradualmente las secundarias</b>: sociales, de estima y de auto-realización.<br>4. <b>Satisfechas las sociales → surgen las de estima</b>; por eso las de estima son <b>complementarias a las sociales</b>.<br>5. <b>Alcanzadas las de estima → surgen las de auto-realización</b>, que <b>sólo surgen cuando los niveles más bajos están relativamente controlados</b>.<br>• <b>No todos los individuos llegan</b> al nivel de auto-realización, ni siquiera al de estima.<br><i>Fuente: apuntes/md/06-motivacion-maslow-y-herzberg.md § Aspectos de la teoría de Maslow: qué pasa cuando un nivel se satisface (p. 58–59).</i>
65. [método] ¿Cómo clasifica McGregor las necesidades?	De manera análoga a Maslow, <b>Douglas McGregor</b> clasificó las necesidades en cuatro grupos:<br>1. <b>Fisiológicas y de seguridad</b> (primarias o inferiores): comida, vestido, abrigo, o lo que conduce a obtenerlos (<b>el salario</b>).<br>2. <b>Sociales:</b> afecto, pertenencia a un grupo.<br>3. <b>Egotistas:</b> reputación y autoestima.<br>4. <b>Superiores:</b> posibilidad de un <b>desarrollo continuo o integral del potencial individual</b>.<br><i>Fuente: apuntes/md/06-motivacion-maslow-y-herzberg.md § La clasificación de McGregor (p. 59).</i>
66. [método] ¿Cuáles son las dos «zonas» de satisfacción y los dos tipos de trabajadores según Herzberg?	• Estudio de <b>Frederick Herzberg</b> sobre la <b>motivación en el trabajo</b>, en <b>Texas Instruments</b> (estancamiento tras una década de crecimiento). Analizando las actitudes del personal llegó a dos conclusiones:<br>1. <b>Dos "zonas" de satisfacción (y de motivación):</b> a) la provista por la <b>tarea "en sí misma"</b>: estímulos dinamizadores de la conducta (sentido de responsabilidad, necesidad de prestigio y de realización); b) la provista por <b>elementos "periféricos"</b> a la tarea: salario, beneficios sociales, control, normas del grupo.<br>2. <b>Dos tipos de trabajadores:</b> a) los <b>movidos por las motivaciones intrínsecas</b>; b) los que <b>buscan principalmente los elementos periféricos con propósitos de mantenimiento</b>.<br>• Matices: <b>la subsistencia es siempre necesaria, pero puede no resultar suficiente</b>; la dirección debe considerar estos factores al fijar estímulos (los métodos que los ignoran frustran, sobre todo a los "buscadores de motivación intrínseca"); las necesidades <b>egotistas y de realización no tienen límites</b> (responden siempre a nuevas estimulaciones), pero <b>inducen a la pasividad si no son satisfechas</b>.<br><i>Fuente: apuntes/md/06-motivacion-maslow-y-herzberg.md § Herzberg: las dos «zonas» de satisfacción y los dos tipos de trabajadores (p. 59).</i>
67. [método] Diferenciá los factores higiénicos (de mantenimiento) de los factores de motivación según Herzberg. ¿Qué produce la presencia y la ausencia de cada uno?	1. <b>Higiénicos o de mantenimiento:</b> se relacionan con la <b>subsistencia y la seguridad</b>. <b>Su insatisfacción es causa de desmotivación, pero su satisfacción no motiva: sólo elimina la desmotivación.</b><br>2. <b>De motivación:</b> vinculados a la <b>autoestima, al prestigio y a la realización plena</b>. <b>Altamente motivadores cuando se satisfacen; la ausencia de su satisfacción no llega a desmotivar: sólo priva de motivación.</b><br>Esquema de la teoría dual (condición × factor):<br>• <b>Higiénicos — presencia:</b> sólo evita la <b>insatisfacción</b>; <b>ausencia:</b> produce <b>insatisfacción</b>.<br>• <b>Motivación — presencia:</b> produce <b>satisfacción</b>; <b>ausencia:</b> impide la <b>satisfacción</b>.<br>Conclusión de Herzberg: los estímulos <b>higiénicos</b> (mejora del salario o de las condiciones de trabajo) probablemente <b>eviten conflictos</b>, pero son de <b>corto alcance</b> como motivadores; los estímulos <b>motivadores</b> propiamente dichos son <b>inagotables como fuente de motivación</b>.<br><i>Fuente: apuntes/md/06-motivacion-maslow-y-herzberg.md § Herzberg: factores higiénicos (de mantenimiento) vs. factores de motivación (p. 59–60).</i>
68. [enunciado] Definí frustración laboral y explicá la conducta adaptada y los tipos de conducta inadaptada.	• <b>Frustración:</b> la <b>situación resultante de hallar obstáculos para la consecución de objetivos que tienden a satisfacer necesidades</b>. Los obstáculos pueden estar <b>en el medio</b> (personas u objetos) <b>o dentro de sí mismo</b> (metas contrapuestas). Obstáculos típicos: salario insuficiente, poca seguridad, imposibilidad de progresar, escaso prestigio del puesto, malas relaciones con el supervisor o el grupo, el tipo de tarea (la <b>monotonía</b>: el trabajo no permite aplicar la capacidad creativa; consecuencia de la extremada división del trabajo; se neutraliza con <b>rotación de puestos</b> y <b>enriquecimiento de la tarea</b>).<br>• <b>Conducta adaptada:</b> <b>trata de solucionar el problema o eludir el obstáculo</b>; es una conducta <b>sana</b>.<br>• <b>Conducta inadaptada o enferma:</b> <b>gasta sus energías sin lograr el objetivo</b>. Tipos:<br>&nbsp;&nbsp;&nbsp;&nbsp;1. <b>Agresión</b> hacia el causante (real o presunto) del obstáculo: violencia física o verbal, o represalias en el ambiente social (calumnias).<br>&nbsp;&nbsp;&nbsp;&nbsp;2. <b>Regresión:</b> interrumpe los intentos y <b>vuelve a estados primitivos, infantiles, anonadados</b>.<br>&nbsp;&nbsp;&nbsp;&nbsp;3. <b>Fijación:</b> <b>repite inútilmente la conducta ineficaz</b>.<br>&nbsp;&nbsp;&nbsp;&nbsp;4. <b>Proyección:</b> variante de agresión en el fuero interno; se <b>autoexculpa y responsabiliza a otros</b> de sus problemas.<br>&nbsp;&nbsp;&nbsp;&nbsp;5. <b>Desinterés fingido:</b> <b>finge perder el interés</b> por el objetivo perseguido y cambiar de metas.<br><i>Fuente: apuntes/md/06-motivacion-maslow-y-herzberg.md § La frustración laboral: la monotonía + definición, conducta adaptada e inadaptada (p. 61).</i>
69. [enunciado] ¿Qué es un paradigma (de dirección) y cuáles recorre el capítulo?	• <b>Edgar Morin:</b> un paradigma "está constituido por un cierto tipo de <b>relación lógica extremadamente fuerte entre nociones maestras, nociones clave, principios clave</b>. Esa relación y esos principios van a <b>gobernar todos los discursos</b> que obedecen, inconscientemente, a su gobierno".<br>• En el cuerpo del texto: <b>relaciones fuertes entre nociones y principios, que dominan nuestros actos</b>.<br>• El capítulo recorre tres paradigmas: <b>mecanicismo</b>, <b>organicismo</b> y <b>teoría de la contingencia</b>, y cierra con las <b>nuevas tendencias</b>.<br>• Contexto: la Administración como disciplina científica toma importancia desde el <b>último tercio del siglo XIX</b>; su evolución la determinaron <b>la tecnología y la cultura</b> (predominio de la <b>racionalidad</b> como forma de pensamiento). Los nombres "mecanicismo" y "organicista" los dieron los investigadores del <b>Instituto Tavistock</b>.<br><i>Fuente: apuntes/md/01-paradigmas-de-direccion.md § Evolución de los paradigmas en la dirección (p. 7–8).</i>
70. [método] ¿En qué se basó el taylorismo? ¿Cuáles eran, según Taylor, las razones de la ineficiencia del trabajo humano?	• <b>Frederick W. Taylor</b>, ingeniero de una de las mayores empresas industriales de EE. UU. a fines del siglo XIX, implantó una concepción nueva de la organización del trabajo fabril: la <b>"Administración científica"</b>.<br>• <b>Supuesto de base:</b> las empresas sufrían "enormes pérdidas" causadas por la <b>ineficiencia del trabajo humano</b>, cuyas razones serían:<br>1. La <b>deliberada lentitud</b> del personal.<br>2. El <b>carácter de los obreros</b> (holgazanes e ineptos).<br>3. La <b>falta de métodos racionales de trabajo</b>, por culpa de los propios empresarios.<br>4. El <b>error de los empresarios</b> al creer en la capacidad e iniciativa de los trabajadores, que no están bien dotados para ello.<br>5. El <b>desaprovechamiento de la ambición personal</b> de los trabajadores, que debería estimularse con <b>incentivos económicos</b> (rechazaba los acuerdos o regulaciones de salarios).<br><i>Fuente: apuntes/md/01-paradigmas-de-direccion.md § El «Taylorismo»: supuestos (p. 9).</i>
71. [método] ¿Cuáles son los cuatro principios del taylorismo que son «fiel expresión del paradigma mecanicista»?	1. Se concibe el <b>comportamiento de la empresa</b> como totalmente ajustado a lo previsto en su <b>organización formal</b> (la oficialmente establecida).<br>2. Se concibe el <b>trabajo de los operarios</b> como una <b>ejecución mecánica y sin desvíos</b> de las instrucciones y programas que se les indique.<br>3. Se plantea la <b>división del trabajo</b> en rotundos términos de separación entre el <b>trabajo intelectual y el trabajo manual</b>.<br>4. Se concibe al <b>trabajador guiado por su interés económico</b>, con exclusión de cualquier otra motivación.<br>• Raíces del mecanicismo: la <b>organización militar prusiana</b> (verticalista, estandarizada, elementos reemplazables, lenguaje de órdenes); muchas organizaciones se diseñaron <b>como máquinas</b>, esperando que sus empleados se comporten como <b>piezas</b>; su característica es trabajar <b>a través de patrones de autoridad</b> (derecho a dar órdenes y exigir exacta obediencia).<br><i>Fuente: apuntes/md/01-paradigmas-de-direccion.md § El «Taylorismo»: principios + De la mecanización a la organización como máquina (p. 8–9).</i>
72. [método] ¿Qué medidas creó, recomendó y llevó a la práctica Taylor?	1. La <b>organización del trabajo del obrero es exclusiva facultad y responsabilidad del directivo</b>: un sector programa hasta el menor detalle, el otro ejecuta sin desvío, con <b>máxima fragmentación y especialización repetitiva</b>.<br>2. Utilizar <b>métodos científicos</b> para determinar el modo más eficiente de realizar el trabajo.<br>3. <b>Seleccionar al personal más adecuado</b> a cada trabajo, diferenciando a los "intelectuales" de los "ejecutores mecánicos".<br>4. <b>Instruir al trabajador</b> conforme a <b>estudios de movimientos y tiempos, fichas de instrucciones precisas, estudios de costos, planeamiento</b>: para cada tarea, <b>"the one best way"</b> (la única y mejor forma).<br>5. <b>Controlar el rendimiento</b> de los trabajadores para asegurar que siguieron los procedimientos y se lograron los resultados.<br>6. <b>Aplicar incentivos económicos</b> como medio principal de la política de personal, para <b>generar competencia entre los obreros</b>; el sistema evitaba que el monto subiera mucho y recomendaba <b>"usar el trato duro"</b> cuando fuese necesario.<br>• Encontró gran resistencia (obreros, científicos, el Congreso de EE. UU. lo prohibió un tiempo) pero <b>tuvo éxito</b> porque era la tecnología que necesitaban las <b>grandes corporaciones monopolistas</b>. Dos etapas: <b>Taylorismo-Fordismo</b> (producción en cadena, ~1910) y <b>crisis a fines de los '70</b>. Ejemplo actual: <b>comida rápida</b> (directivos "piensan", empleados "hacen").<br><i>Fuente: apuntes/md/01-paradigmas-de-direccion.md § El «Taylorismo»: medidas + Resistencia, éxito y las dos etapas (p. 9–10).</i>
73. [método] Según Morgan, ¿cuándo funcionan bien las organizaciones mecanicistas?	Funcionan bien cuando:<br>1. Existe una <b>tarea lineal</b> para realizar.<br>2. El <b>entorno asegura</b> que el producto realizado será el esperado.<br>3. Se desea producir <b>exactamente el mismo producto una y otra vez</b> (sin introducir innovaciones).<br>4. La <b>precisión</b> es una premisa.<br>5. La <b>parte humana de la máquina es obediente</b> y se comporta como se le ha asignado.<br>• Esencia de la mecanización: <b>reducir los procesos complejos a un conjunto de movimientos separados</b> que pueden reproducirse mecánicamente (máxima expresión: cuando los <b>robots</b> sean la principal fuerza productiva).<br><i>Fuente: apuntes/md/01-paradigmas-de-direccion.md § Crítica del mecanicismo: cuándo funciona (p. 11).</i>
74. [método] ¿Cuáles son las críticas o limitaciones que se le hacen al paradigma mecanicista?	Aunque hoy hay organizaciones que lo aplican con éxito, tiene <b>severas limitaciones</b>:<br>1. <b>Dificultades para adaptarse a cambios en el contexto:</b> se crearon <b>para alcanzar determinados objetivos y no para las innovaciones</b>; la <b>rigidez</b> y la tendencia a la <b>segmentación</b> entre niveles jerárquicos, funciones, roles y personas crean barreras → ineficiencia y retrasos ante lo no previsto, inactividad y falta de control; la <b>información llega distorsionada</b> (comunicación pobre entre departamentos; el personal <b>oculta sus errores por temor a ser castigado</b>).<br>2. Pueden dar lugar a una <b>burocracia sin límites</b>.<br>3. <b>Consecuencias no previstas y no deseables:</b> la jerarquía es también un <b>sistema de promoción</b>: los individuos <b>compiten por las limitadas plazas altas y por los recursos</b> de cada área → comportamiento <b>irracional para el conjunto</b> aunque racional para el área; la organización termina persiguiendo <b>objetivos no formales</b>, incluso contrarios al diseño original.<br>4. <b>Efectos deshumanizadores</b>, sobre todo en los niveles bajos: <b>limita el desarrollo de la capacidad humana</b>, moldea al hombre como complemento de la organización en vez de estructurarla según sus potencialidades; se pierde la <b>contribución inteligente y creativa</b>; <b>actitudes negligentes</b> ("éste no es mi trabajo", "la responsabilidad es de otro").<br>• Siguen siendo populares por su <b>eficacia</b> en numerosas tareas y por <b>reforzar modelos de poder y control</b>.<br><i>Fuente: apuntes/md/01-paradigmas-de-direccion.md § Crítica del mecanicismo: limitaciones (p. 11–12).</i>
75. [enunciado] ¿Cómo surge el organicismo? (Mayo y Hawthorne, contexto cultural, Escuela de las Relaciones Humanas, Barnard y los sistemas abiertos)	1. <b>Elton Mayo</b>, inicios de los '20, experiencias en <b>Western Electric, Hawthorne</b>: buscaban relacionar condiciones laborales con productividad, pero <b>revelaron</b> la <b>importancia de las necesidades sociales</b> (los grupos pueden satisfacerlas <b>restringiendo la producción</b>) y la existencia de una <b>"organización informal"</b> basada en la camaradería. Nueva teoría: los grupos humanos, como los organismos biológicos, <b>trabajan más eficazmente cuando sus necesidades son satisfechas</b> (implicaciones desastrosas para la burocracia, que supone individuos motivados sólo por dinero).<br>2. <b>Contexto cultural:</b> terminada la 1ª Guerra, <b>crecimiento de la sindicalización</b>, <b>resistencia al autoritarismo y a la deshumanización del trabajo</b>, <b>contraculturas en la organización</b> (principal descubrimiento de Mayo).<br>3. <b>Escuela de las Relaciones Humanas:</b> a) la <b>falta de campo para la iniciativa</b>, aun en los niveles de ejecución, perjudica la productividad potencial; b) las <b>líneas de comunicación fijadas de antemano</b> llevan a conflictos absurdos (mejor <b>comunicación espontánea y libre</b>); c) fijar <b>líneas de autoridad a priori</b>, al margen de las reconocidas espontáneamente, es la fuente más frecuente de conflictos.<br>4. Pese al fracaso de medidas de Mayo (ingenuidad, paternalismo) y a la crisis de 1929, <b>Chester Barnard</b> (Escuela de los Sistemas Sociales) reforzó la atención a los aspectos <b>humanos y técnicos</b> y a la dependencia del <b>entorno</b>: pensar las organizaciones como <b>"sistemas abiertos"</b> (cuestión que los clásicos no atendieron). Las corrientes sociológicas incluyeron los <b>factores sociológicos y psicológicos al mismo nivel</b> que los tecnológicos y los estímulos materiales.<br><i>Fuente: apuntes/md/01-paradigmas-de-direccion.md § Organicismo: Mayo y Hawthorne, contexto cultural, Barnard (p. 12–13).</i>
76. [método] Describí los cuatro elementos básicos del paradigma organicista (y qué dice el libro sobre la delegación de autoridad).	1. <b>Asimila las organizaciones a los organismos biológicos</b>: la base de la <b>metáfora orgánica</b>.<br>2. Las estudia como <b>sistemas abiertos</b>, cuyo punto clave es el <b>hincapié en el entorno</b> en el que existen (los mecanicistas la trataron como un <b>sistema mecánico cerrado</b>).<br>3. Consecuencia: las define en términos de <b>subsistemas interrelacionados</b>.<br>4. En un entorno donde los <b>cambios tecnológicos y de mercado</b> son cada vez más veloces y frecuentes, la organización requiere <b>mayor flexibilidad</b>.<br>• Sobre la <b>delegación de autoridad</b> (Burns y Stalker, p. 15): en el sistema <b>orgánico</b> la interacción es <b>vertical y lateral</b> y las tareas se guían por el <b>conocimiento general de las necesidades y objetivos</b> de la empresa; en <b>empresas dinámicas y variables</b> hay <b>mayor autonomía de decisiones</b> y supervisión más amplia (vs. <b>menor delegación</b> y control más estrecho en las estabilizadas).<br><i>Fuente: apuntes/md/01-paradigmas-de-direccion.md § Elementos básicos del paradigma organicista + Burns y Stalker (p. 14–15).</i>
77. [método] ¿Cuáles son las ventajas y cuáles las críticas (limitaciones) que se le hacen al paradigma organicista?	Ventajas (4):<br>1. El descubrimiento de la importancia del <b>entendimiento de las relaciones entre la organización y su entorno</b>.<br>2. La dirección puede mejorarse con una <b>atención sistemática a las necesidades que deben satisfacerse para que la organización sobreviva</b>.<br>3. Podemos identificar las distintas <b>"especies" de organización</b>, sabiendo que siempre hay un <b>abanico de opciones</b>.<br>4. La virtud de la forma orgánica en los <b>procesos innovadores</b>.<br>Limitaciones de la metáfora orgánica (5):<br>1. Vemos a las organizaciones y sus entornos de modo <b>demasiado concreto</b>, cuando son producto de <b>ideas, visiones, normas y creencias</b>: su <b>forma y estructura son mucho más endebles</b> que las de un organismo.<br>2. La organización tiene la <b>misma oportunidad de supervivencia tanto si compite como si colabora</b>.<br>3. Las circunstancias en que <b>un elemento sabotea el trabajo en conjunto</b> son excepcionales y potencialmente peligrosas.<br>4. Los casos en que los elementos operan con un <b>grado de armonía ideal</b> son más la excepción que la regla.<br>5. <b>Permitir que la metáfora orgánica se transforme en una ideología</b>, como ocurrió con la metáfora de la máquina.<br><i>Fuente: apuntes/md/01-paradigmas-de-direccion.md § Ventajas del organicismo + Limitaciones de la metáfora orgánica (p. 14–15).</i>
78. [enunciado] Desarrollá la teoría de la contingencia aplicada a la dirección: cómo surge como síntesis, qué hallaron Burns y Stalker y cuál es el concepto fundamental de Lawrence y Lorsch.	• La disputa <b>mecanicista vs. orgánica</b> llevó a <b>intentos de síntesis</b>: ninguna posición resolvía por sí sola los problemas; se integraron <b>incluyendo en la organización formal los aspectos psicológicos y sociológicos</b> o <b>flexibilizando los rígidos esquemas tradicionales</b>. Sobre esa doble atención se apoyan los <b>"sistemas sociotécnicos"</b>: lo humano y lo técnico son <b>mutuamente interdependientes</b>.<br>• <b>Burns y Stalker</b> (Tavistock, comienzos de los '60, una veintena de industrias): dos sistemas de administración: 1. <b>mecanicista</b> (métodos, obligaciones y poderes definidos con precisión; interacción <b>vertical</b>; el conocimiento en el <b>vértice</b> de la firma), apropiado para <b>empresas relativamente estables</b>; 2. <b>orgánico</b> (interacción <b>vertical y lateral</b>; tareas guiadas por el conocimiento general de necesidades y objetivos), exigido por las <b>condiciones de transformación</b>. Primera relación contingente: estables → más formalidad y menor delegación; dinámicas → mayor autonomía.<br>• <b>Lawrence y Lorsch</b> (plásticos, alimentos envasados y contenedores; división departamental y coordinación integradora): <b>concepto fundamental</b>: <b>"No existe una única manera de mejor organizar… las organizaciones necesitan ser sistemáticamente ajustadas a las condiciones ambientales"</b>.<br>• Por lo tanto, <b>no rechaza los principios y preceptos de las diversas corrientes</b>, sino que <b>condiciona su aplicación a las circunstancias</b>, a la contingencia ("lo que puede suceder"). Usa las características de la teoría adecuada al momento, buscando el <b>equilibrio entre mecanicismo y organicismo</b> y entre teoría y práctica.<br><i>Fuente: apuntes/md/01-paradigmas-de-direccion.md § Teoría de la Contingencia: síntesis, Burns y Stalker, Lawrence y Lorsch (p. 15).</i>
79. [método] Explicá la relación contingente «si-entonces» de Luthans, las variables circundantes y el objetivo de la Administración de Contingencia.	• <b>Luthans:</b> <b>no es un enfoque asistemático ni librado a la casualidad</b>. La <b>relación contingente</b> es una <b>relación funcional entre dos o más variables</b>, expresable por el par <b>"si-entonces"</b>: 1. <b>"si"</b> = <b>variable independiente</b> (ej.: estado de la tecnología, estructura del mercado); 2. <b>"entonces"</b> = <b>variable dependiente</b> (ej.: estilo de supervisión, grado de centralización).<br>• Definición: "la Administración de Contingencia se ocupa de la <b>relación entre variables circundantes pertinentes y conceptos y técnicas de administración apropiados</b>, que lleven al logro eficaz de objetivos".<br>• Ejemplo: <b>si</b> en la cultura social predomina la libre expresión y la empresa ocupa personal muy calificado en alta tecnología, <b>entonces</b> conviene una <b>supervisión abierta y participativa</b>.<br>• <b>Variables circundantes</b> = las que están <b>fuera de la administración</b> (el medio): <b>medio externo</b> (clientes, competidores, régimen legal, situación económica: <b>poco controlable</b>) y <b>medio interno</b> (el sistema de organización formal, su estructura y sus procesos: <b>más controlable</b>). Ilustración 1: anillos <b>medio interno → externo específico</b> (clientes, competidores, proveedores) <b>→ externo general</b> (social, tecnológico, económico, político-legal).<br>• Casi siempre el <b>medio es la variable independiente</b> y las <b>técnicas administrativas la dependiente</b>, pero <b>a veces se invierte</b> (producción en cadena → supervisión centralizada; pero una supervisión "democrática" → mayor desacople de las etapas productivas).<br>• <b>Objetivo:</b> la <b>mayor efectividad</b> aplicando los conceptos y técnicas más apropiados a partir de su <b>relación funcional real (no teórica)</b> con el ambiente: los <b>principios</b> se sustituyen por <b>"criterios de ajuste"</b>. Las relaciones se simbolizan en una <b>matriz de doble entrada</b> ("si" × "entonces") cuyas celdillas se van llenando; <b>muy pocas están llenas</b> (Ilustración 2).<br><i>Fuente: apuntes/md/01-paradigmas-de-direccion.md § Luthans: la relación contingente «si-entonces» + Las variables «circundantes» + Ejemplos, objetivo y matriz (p. 16–18).</i>
80. [método] ¿Cómo se valora la teoría de la contingencia (antecedentes, base empírica, equilibrio teoría-práctica) y cuál es su mayor limitación y su riesgo?	1. <b>Reconoce antecedentes</b> aun entre los clásicos y neoclásicos, entre ellos <b>Fayol</b> ("no hay nada rígido ni absoluto… debe haber cierto margen para las cambiantes circunstancias").<br>2. <b>No fue mera especulación</b> sino producto de investigaciones sobre la realidad: <b>Tavistock</b> (minas de carbón), <b>Gouldner</b> (planta de yeso), <b>Joan Woodward</b> (100 empresas), <b>Chandler</b> (cuatro empresas líderes de EE. UU.), <b>Emery, Thompson y Perrow</b>: relaciones funcionales reales entre ambiente y diseños organizacionales.<br>3. <b>Busca un equilibrio entre la práctica y la teoría:</b> los <b>teóricos</b> dan por sentada la <b>universalidad de sus conceptos</b>; los <b>practicantes</b>, la de su <b>estilo individual</b>. <b>"El enfoque de contingencia salva esta brecha"</b>: los conceptos modernos no son erróneos, sólo <b>no adecuados a situaciones particulares</b>.<br>4. <b>Opinión de la cátedra:</b> es un <b>avance significativo</b> porque reconoce la <b>particularidad de cada organización</b> (y de cada momento) <b>sin dejar de apelar a la validez universal del arsenal teórico</b>; es <b>menos rígido que la teoría pura y más científico que el mero empirismo</b>, y puede <b>enriquecer la teoría</b> al relacionarla con la práctica.<br>• <b>Mayor limitación:</b> tendió <b>más a la búsqueda de un repertorio de reglas pragmáticas que a extraer nuevas leyes</b> que expliquen el comportamiento de las organizaciones.<br>• <b>Riesgo:</b> aplicar las relaciones contingentes <b>como si fuesen recetas</b> y caer en un <b>nuevo mecanicismo</b> ajeno al análisis concreto de la realidad (Luthans: los ejemplos "no deben tomarse como soluciones mecanicistas de complejos problemas administrativos").<br><i>Fuente: apuntes/md/01-paradigmas-de-direccion.md § Valoración y crítica de la Teoría de la Contingencia (p. 18–19).</i>
